,first_keyword,second_keyword,associative_word
0,あお,あおばのはなのあと,かかるふじなみ
1,あお,あおやぎ,かつらぎやま
2,あお,あおやぎのいと,うちはえる-かわぞい
3,あお,あおやぎのかげ,はなをみる
4,あお,なびくあおやぎ,かすむ-のこる
5,あかしがた,あかしがた,まくらにちどりなくこえ-つづくおかごえのみち
6,あかしがた,つきのあかしがた,おかべのあき
7,あかつき,あかつき,きぬぎぬのそで
8,あかつき,あかつきづき,しぐれ
9,あかつき,あかつきのそら,くさまくら
10,あき,あきかぜ,ころもうつ-にわのつきかげ-のべのむしのね-はつかりのこえ-まつむしのこえ-やまのはのいろ-ふるさとのゆうべ-きぬぎぬのあと-ころもうつこえ-しぎのはねがき-つゆがこぼれる-ふねからきくなみがすさまじい-ひぐらしのこえ-まくらはいずこ-やまのはのつき-さおじかのこえ-つゆのふるさと-ひとむらすすき
11,あき,あきかぜがふく,なくきりぎりす-つゆふる-あさじがはら-はなすすき
12,あき,あきかぜのこえ,かげさびしい-みにしみる
13,あき,あきがくる,つきいでる-はぎさく-いなおおせどり
14,あき,あきくさ,なくきりぎりす
15,あき,あきくる,ひぐらしがなく
16,あき,あきさむい,うつあさごろも
17,あき,あきしぐれ,いろづく
18,あき,あきちかくなる,こころぼそいはなおちるころ
19,あき,あきにしぐれる,かぜにつゆがこぼれる
20,あき,あきのおもかげ,くれのはなすすき
21,あき,あきのかわかぜ,きりわたる
22,あき,あきのくれがた,はつしぐれ
23,あき,あきのさびしさ,あさぎり-きりのうち-ゆうまぐれ
24,あき,あきのさわみず,しぎなく
25,あき,あきのそら,つきのゆうぐれ
26,あき,あきのたまくら,はなすすき
27,あき,あきのつき,そでがつゆっぽい
28,あき,あきのはつかぜ,つきいでる-のこるあつさにはしいする-むしなく-さそう-たなばた-ひとはより
29,あき,あきのほたる,はしいするそでひややか
30,あき,あきのむらさめ,つゆがうい
31,あき,あきのやま,とわのふるみや
32,あき,あきのよすがら,ねられる
33,あき,あきのよなが,きりぎりす
34,あき,あきのよなよな,くさまくら
35,あき,あきのよのつき,みにしみる-のわきする
36,あき,あきふける,きぎのしたつゆ-さおじかのこえ-よわるむしのね-ころもうつおと-ありあけのつき
37,あき,あきふけわたる,かりなく
38,あき,ういあき,うえないならきかないおぎのうわかぜ
39,あき,こずえのあき,しかのこえ
40,あき,すごいあきかぜ,ののひとつまつ
41,あき,すずしさにあきたつ,ひぐらしのこえ
42,あき,ただあきのかぜ,かりなく
43,あき,とおやまのあき,きのうみ
44,あき,はつかぜときのうはきいてあきふける,ひとはのこらないもみじ
45,あき,はるあきのいろ,うつろう
46,あき,ふくかぜのあきのつゆ,ひぐらしのこえ
47,あき,ふるさとのあき,かたみ
48,あき,みねのあきかぜ,かりなく
49,あき,よわのあきかぜ,くさまくら
50,あけぼの,あけぼののくも,きぬぎぬのおもかげをしたう
51,あけぼの,あけぼののそら,わかれをいそぐ-きえない-かねなる
52,あけぼの,あけぼののやま,うぐいす-なる-ほととぎす-よこぐも
53,あけぼの,つゆのあけぼの,くさまくら
54,あけぼの,にわのあけぼの,あきのみず
55,あけぼの,のべのあけぼの,うぐいすのこえ
56,あけぼの,はるのあけぼの,うぐいす-かすむよ-かすむ
57,あけぼの,はるはあけぼの,よこぐも
58,あけぼの,ゆきのあけぼの,やまたかい
59,あける,あける,かりねののべ
60,あける,たますだれあける,つきのさむしろ
61,あける,よがあける,つきのこる
62,あさ,あさがすみ,くもにありあけのつき-うぐいすのこえ-つきがのこる-のこるつきかげ
63,あさ,あさくるうぐいす,たますだれ
64,あさ,あさけしずか,たますだれ
65,あさ,あさひかげ,あまのつりぶね
66,あさ,あさぼらけ,ありあけのつき-かりのなくこえ-したうわかれじ-あまのつりぶね-かえるかりがね-なににたとえよう
67,あさ,あさまだき,みちのはるけさ
68,あさ,かぜとあさがすみ,いづるひかげ
69,あさ,ゆきのあさあけ,うすがすみ
70,あさがお,あさがおのいろ,のわきする
71,あさがお,あさがおのはな,まつむしのこえ
72,あさがお,しぼむあさがお,ひともみる
73,あさがお,そののあさがお,ひかりさえへだたる
74,あさの,あさのさごろも,やまがつ
75,あし,あしびたくかげ,とぶほたる
76,あじけない,あじけないよ,たのみおく
77,あだ,あだとかかりくる,たまのおのすえ
78,あだ,げにもあだしむ,ももとせ
79,あと,あおばのはなのあと,かかるふじなみ
80,あと,あとをだにとう,ゆきとはなのかげ
81,あと,あめすぎたあとのしずけさ,やまのは
82,あと,いにしえのあと,なる
83,あと,きぬぎぬのあと,かたみ
84,あと,くもどりのあと,あやおるみず
85,あと,さみだれのあと,のきばかたむく
86,あと,のわきのあと,むしのこえ
87,あと,ふでのあと,かすむあけのそほぶね
88,あと,むらさめのはれゆくあとはあらし,ひにわたるふねのさむさ
89,あと,ゆうだちのあと,いそぐ-くものとだえにほのめく
90,あと,わかれじのあと,おもかげ
91,あま,あまおぶね,あらいそのなみ-わずかにみえるおきのしま
92,あま,あまのつりぶね,あさぼらけ-なみにしぐれる-まつたてる
93,あまた,かずあまた,いかばかり
94,あまひこ,あまひこのこえ,ほととぎす
95,あめ,あめかすむくれ,はるかぜ-ほととぎす
96,あめ,あめがふる,みわがさき
97,あめ,あめすぎたあとのしずけさ,やまのは
98,あめ,あめのうち,やまほととぎす
99,あめ,あめのくれ,やまほととぎす
100,あめ,あめのこるそら,ほととぎす
101,あめ,あめののどけさ,いずこにかすむ
102,あめ,あめをまつ,ときすぎるほととぎす
103,あめ,こころをつくすあめのよる,みがおいたほととぎす
104,あめ,ながあめのそら,ほととぎす
105,あめ,やよいのあめ,ほととぎす
106,あやめぐさ,あやめぐさ,やまほととぎす
107,あゆ,みずのさびあゆ,やなぎかげ
108,あらし,あらしふくやま,おおいがわかすむ
109,あらし,むらさめのはれゆくあとはあらし,ひにわたるふねのさむさ
110,あらし,ゆうあらし,いりあいのかね
111,あらそう,こころあらそううた,うぐいすのこえごえ
112,あらそう,なみだあらそうこえ,かりなく
113,あらまし,あらまし,はつほととぎす
114,あらわれる,あらわれる,そののうめのか
115,あらわれる,はなのこずえにあらわれる,ふるでらのみち
116,ありあけ,ありあけ,ころもうつこえ-かえるかりがね-つれないなかににしきぎ-よぶかいみち
117,ありあけ,ありあけのかげ,あきのよ
118,ありあけ,ありあけのそら,あきのかぜ-くさまくら
119,ありあけ,ありあけのつき,ういものはない-かえるかりがね-かりのこえ-ほととぎす-むさしのとくさまくら-あかつき-あきのくも-あきふける-かぜさえる-やまこえる
120,ありあけ,おぼろにのこるありあけのつき,たななしおぶねのおと
121,ありあけ,つきにありあけのそら,よをこめる
122,ありあけ,つきはありあけ,ほととぎす
123,ありあけ,のこるありあけ,あさぼらけ
124,ある,あるかなきか,かげろうのいわがき
125,ある,あるもの,くものうえ
126,ある,ひともある,かずそう
127,あわれ,あわれ,さすらうみ
128,あわれ,あわれしる,いにしえのあと
129,あわれ,あわれである,おぎのうわかぜ
130,あわれ,ちょうのあわれさ,うちかわす
131,あわれ,のべのあわれさ,あさぼらけ
132,い,やまのいのみず,このもと
133,いかが,いかが,あきのゆうぐれ
134,いくえ,いくえかすみ,かねのひびき
135,いくえ,いくえとよらのたけのしたみち,またつきあるゆきのはれる
136,いけ,いけふる,あまのかぐやま
137,いけ,いけみず,こおりとけゆく
138,いさらい,いさらいのみず,あけるよ
139,いずち,とまりぶねおとしていずち,たびのくにぐにのひと
140,いずち,ほととぎすまくらのいずちすぎる,しずかなあめ
141,いそぐ,いそぐ,きりのみちのかたがた
142,いそぐ,かえりをいそぐ,しばもつひと
143,いち,なかなかいちはすみよい,みわのすぎむら
144,いつ,いつかさて,またはじらう
145,いつわり,いつわり,ことのはのすえ
146,いと,あおやぎのいと,うちはえる-かわぞい
147,いとう,よをいとう,すみぞめのそで
148,いなおおせどり,いなおおせどり,ながめわびる
149,いなずま,いなずまのかげ,よいのま
150,いにしえ,いにしえ,やまかぜがふく
151,いにしえ,いにしえのあと,なる
152,いにしえ,いにしえのつき,ういあき
153,いにしえ,いにしえのみや,はなさく
154,いにしえ,いにしえのゆめ,さよまくら
155,いのち,いのちであってほしい,のりのみち
156,いのち,いのちにて,たのむおなじよ
157,いのる,かみにただいのる,むすぶちぎり
158,いま,むかしをいまの,ほととぎす
159,いも,いもがこいしくて,まくらにかたしく
160,いも,いもにこいつつ,くさまくら
161,いりあい,いりあいのかね,うちしぐれ-かどさす-かえる-はなのかげ-まよう-やまぶかい-わからない-あらまし-おもいたい-かどみえる-つづく-はつせでら-はつせやま-はるになる-ひがくれる
162,いろ,あさがおのいろ,のわきする
163,いろ,いろかわる,まつむしのこえ
164,いろ,いろかわるころ,はなさく
165,いろ,いろづく,つゆとけさのはつしも-ころもうつこえ-ひぐらしのこえ
166,いろ,はなのいろ,うぐいすのこえ
167,いろ,はるあきのいろ,うつろう
168,いろいろ,きぎのいろいろ,あきくれる
169,いろいろ,そでのいろいろ,つきにかえる
170,いろいろ,のべのいろいろ,からごろも
171,いわ,いわがね,はしのひとすじ
172,いわ,いわがねのまつ,いそにふねにひぐれ
173,いわ,いわこすなみ,たきおちる
174,いわ,くめのいわはし,ただひとこと
175,いわ,たきのいわなみ,おとわがわ
176,いわう,かえりにこまいわうこえ,みやこびと
177,うい,うい,あけのとりのこえごえ-すみぞめのそで-のちのよのみち
178,うい,ういあき,うえないならきかないおぎのうわかぜ
179,うい,ういしぎのはねがき,はかない
180,うい,ういふゆごもり,あさなあさな
181,うい,たびはうい,そでがつゆっぽい
182,うい,みるのもうい,もみじちるころ
183,うい,われでなくなるのがうい,こけのとのゆうあらし
184,うえ,うえはつれない,いろづく
185,うえ,きりのうえ,ゆうまぐれ
186,うえ,さくらのうえ,かねなる
187,うえ,なみだがわがそでのうえ,おもう
188,うえ,なみのうえ,もしおのけむり-ふねのうち
189,うえ,はちすのうえ,ひぐらし
190,うえ,まくらのうえ,つきのさやけさ
191,うえる,うえるた,はれたさみだれのそら
192,うえる,はなうえる,わかぎのさくら
193,うぐいす,あさくるうぐいす,たますだれ
194,うぐいす,うぐいす,あさあけのどか-ありあけのつき-かすむあけぼの-そののむらたけ-たにのとのやま-のこるあけぼの-ひかりのどか-はなをまつ-みちのはるけさ-ゆきはふりつつ
195,うぐいす,うぐいすがなく,あけがた-はなとあさぼらけ-かすむこのあした-あさぼらけ-ほととぎす
196,うぐいす,うぐいすのこえ,たにのとはあけてもおそいひのひかり-あさぼらけ-かすむあさまだき-うちかすむ-えだにうめさく-かすみつつ-かすむの-かすむ-そことなくかすむ-みずたえだえ-はるのこる-ほととぎす-ゆききえる-よわのつき-はるのの
197,うぐいす,のべちかいうぐいす,ゆきのたけのすえずえ
198,うける,かけいにうけるみず,ここかしこ
199,うた,うたのしなじな,はなのこのもと
200,うた,こころあらそううた,うぐいすのこえごえ
201,うち,あめのうち,やまほととぎす
202,うち,うちのゆき,なみのうきふね
203,うち,かすみのうちのみずのみなかみ,こととう
204,うち,くさのとのうち,まちわびる
205,うち,さみだれのうち,ほととぎす
206,うち,しばのとのうち,おもう
207,うち,ただゆめのうち,まどろむ
208,うち,ふるみやのうち,つばくらめ
209,うち,ゆきのうち,ふゆこもるころ
210,うつ,あさごろもうつ,ひとはといこない
211,うつ,たけをうつこえ,よがふける
212,うつのやま,うつのやま,つたのしたみち
213,うつのやま,うつのやまごえ,あきのかぜ
214,うのはな,うのはな,たまがわのなみ
215,うみ,はるのうみつら,のどか
216,うめ,うめさく,うぐいすのこえ
217,うめ,うめにおう,あさぼらけ-うぐいす
218,うめ,うめにおうころ,うぐいす
219,うめ,うめのか,うぐいすのこえ-はるをしる
220,うめ,うめのかがする,おきいでる-ひかげさす
221,うめ,うめのひともと,うぐいす
222,うめ,くれないのうめ,うぐいす
223,うめ,そでのうめのか,うぐいす
224,うめ,におううめのか,あさぼらけ
225,うめ,やどのうめ,のきのうぐいすのこえ
226,うめ,やどのうめのか,うぐいす
227,うら,しがのうらぶね,かみまつり
228,うら,すまのうら,なみここもと-つまとうちどりしばなく
229,うら,すまのうらなみ,もしおやくけむり-あわじがた
230,うら,すみよしのうら,あわじしま
231,うら,なおすまのうら,ともちどり
232,うら,ふくなみのうらかぜ,とりのなきたつ
233,うらむ,つれなさをうらむ,ありあけのつき
234,えだ,はなのひとえだ,やまざくら
235,おい,おいのゆくすえ,もりのしたくさ
236,おうさかのせき,おうさかのせき,ほととぎす
237,おうさかのせき,こえるおうさかのせき,こがくれる
238,おうさかのやま,おうさかのやま,さねかずら
239,おうさかのやま,こえるおうさかのやま,みやこのはるがすみ
240,おおはら,おおはらまつり,はるのみやびと
241,おか,おかべのはじのひとむら,ゆうひがくれ
242,おき,おきのしらなみ,たつたやまのあき
243,おき,おきのつりぶね,なみのうえ
244,おき,おきのなみ,たつたのやま
245,おき,おきのふね,うらのあさあけ
246,おぎ,おぎにかぜ,ものおもうころ
247,おぎ,おぎのうわかぜ,あきのよ-ふるさとびと-おもう-ふるさと-ゆうまぐれ
248,おく,おくやまのかげ,うちとけて
249,おく,みよしののおく,かげくれる-はなをみる-よぶこどり
250,おく,やまのおく,みねのまつかぜ
251,おくる,おくる,はるのかりがね
252,おくる,そでふきおくるかぜ,たまぼこ
253,おぐるま,おぐるまのおと,ゆうがお
254,おしい,ちるのがおしい,うずらなく
255,おだまき,しずのおだまき,いにしえ
256,おちこち,かすむおちこち,いそぐかり
257,おちこち,のべのおちこち,あらわれる
258,おちる,おちるあまつかり,つきのいでしほ
259,おちる,つきおちる,あきのはつしも
260,おちる,なみだおちる,ひともない-ふるさと-ゆめさめる
261,おちる,むかってなみだおちる,なる
262,おと,おぐるまのおと,ゆうがお
263,おと,かわおと,つきのさやけさ
264,おと,きぬたのおと,たまぼこのゆくえ
265,おと,こないでおとする,うぐいす
266,おと,さわみずのおと,ふねくだすふしみ
267,おと,しぎのはねおと,あきのしも
268,おと,ちかいかわおと,すずしさ
269,おと,つゆのおときくにわ,たまだれのきり
270,おと,とまりぶねおとしていずち,たびのくにぐにのひと
271,おと,みずのおと,いずこにある
272,おとめ,あまおとめ,くものかよいじ
273,おとろえる,おとろえる,あまつおとめご
274,おとわやま,かぜのおとわやま,おうさかのせき
275,おなじ,おなじこころ,よしや
276,おのえ,おのえのはなをみる,かすみにくれる
277,おぶね,あまおぶね,あらいそのなみ-わずかにみえるおきのしま
278,おぼえる,よざむおぼえる,からごろも
279,おぼろ,おぼろづきよ,のどかなまくら-ほととぎすのこえ
280,おぼろ,おぼろにのこるありあけのつき,たななしおぶねのおと
281,おぼろ,やまがおぼろ,かえるかりがね
282,おみなえし,おみなえし,かぜにつゆがおちる
283,おもい,きえるならきえるおもい,みをあきちかくとぶほたる
284,おもう,おもうこととつき,あきのあまのはしだて
285,おもう,おもうな,こころである
286,おもう,おもうひとのことのは,われのみひとりそでをぬらす
287,おもう,おもうふるさと,たびのそら
288,おもう,なにおもう,よのなか
289,おもう,みをおもう,みよしののおく
290,おもう,むかしをおもうなみだ,あきはかなしい-くさのいお
291,おもう,ものおもうころ,いかなる-だれがうい
292,おもかげ,あきのおもかげ,くれのはなすすき
293,おもかげ,おもかげ,ありあけのつき
294,おもかげ,かたるばかりにむかうおもかげ,それでないこえ
295,おもかげ,そうはおもかげ,はなのあと
296,おもかげ,ひとのおもかげ,わかれじ-あきふける-なぐさめる-なみだ
297,おもかげ,ゆめのおもかげ,とこのうえ
298,おりおり,かぜのおりおり,なる
299,おろか,おろかなこころ,おもいそめる
300,か,うめのか,うぐいすのこえ-はるをしる
301,か,うめのかがする,おきいでる-ひかげさす
302,か,そでのうめのか,うぐいす
303,か,におううめのか,あさぼらけ
304,か,はなうちかおる,こがくれる
305,か,やどのうめのか,うぐいす
306,かえす,うちかえすた,かわずなく
307,かえす,おもいかえす,さよごろもとゆめ
308,かえる,かえる,いりあいのかね-うらなみのおと-おおよどのなみ-たえだえ
309,かえる,かえるかりがね,あらわれる-ふるさと-やまざくら
310,かえる,かえるかりのこえ,あわれをいう
311,かえる,かえるさ,かさのはのゆき
312,かえる,かえるさとびと,かた
313,かえる,かえるさのみち,なる
314,かえる,かえるとりのね,くれわたる
315,かえる,かえるふるさと,はるくれる-たびごろも
316,かえる,すててかえる,おちのひとむら
317,かえる,だれかえる,ひともなし
318,かえる,はるかえる,わかばのくずのかかるうもれぎ
319,かえる,はるのかえるさ,あまつかり
320,かえる,ひとかえる,のべのひとむら
321,かえる,みやこのつきにかえる,くさまくら
322,かかる,かかる,たまのおのすえ
323,かかる,かかるふじなみ,たごのながきひ-かすむみかさやま
324,かかる,くもかかるみね,はなざかり
325,かかる,よばかりかかる,つらいたまのお
326,かき,かきねづたい,たえだえ
327,かき,かきのもとつば,みかわみず
328,かぎる,ゆうべかぎる,おぎのうわかぜ
329,かく,かくもしおぐさ,うみのなぎさにまつのはなおちる
330,かけい,かけいにうけるみず,ここかしこ
331,かげ,あおやぎのかげ,はなをみる
332,かげ,あさひかげ,あまのつりぶね
333,かげ,あしびたくかげ,とぶほたる
334,かげ,ありあけのかげ,あきのよ
335,かげ,いなずまのかげ,よいのま
336,かげ,いりひかげ,さとにひとかえるみゆ
337,かげ,おくやまのかげ,うちとけて
338,かげ,かげかすか,たえだえ
339,かげ,かげくれる,さみだれのころ
340,かげ,かげたかくなる,とぶほたる
341,かげ,かすかなかげ,とぶほたる
342,かげ,かりねのつきかげ,はなうちかおる
343,かげ,さくらちるかげ,はるながら
344,かげ,つきかげすむ,つゆさむいそで
345,かげ,ともしびのかげ,つりぶね-あきぼたるとゆうまくら
346,かげ,ねやのつきかげ,きりぎりす
347,かげ,のこるやまかげ,かえる
348,かげ,はなのかげ,つつじやまぶき-とりのさえずり-とりのひとこえ-はるのさかずき-やまかすむくれ-みよしののはる
349,かげ,はなのかげにやすらう,はるのかえるさ
350,かげ,ひかりのかげ,とぶほたる
351,かげ,ひとかげもしない,なる
352,かげ,ひとりねとかげ,かたしく
353,かげ,みずかげのさびしさ,かえる
354,かげ,やまのかげ,すまのうらなみ-はしのひとすじ-まつかぜがふく-みちのかけはし
355,かげ,やまのしたかげ,そよぐあきかぜ
356,かげ,よもぎうのかげ,きりぎりす
357,かさなる,かさなるやま,みねのくも
358,かしこい,かしこい,よがおさまる-ことのはのみち
359,かすか,かげかすか,たえだえ
360,かすか,かすかなかげ,とぶほたる
361,かすみ,いくえかすみ,かねのひびき
362,かすみ,かすみ,はるのとおやま
363,かすみ,かすみくみよる,ながきひ
364,かすみ,かすみこめる,おぼつかない-よぶこどり
365,かすみ,かすみつつ,はるのかりがね
366,かすみ,かすみにこもる,うぐいす-かねのおと-はるのあめ
367,かすみ,かすみにたどるみち,よぶこどり
368,かすみ,かすみのうちのみずのみなかみ,こととう
369,かすみ,かすみのそこ,かわずなく
370,かすみ,かすみのひま,はるあさい
371,かすみ,かすみより,たきのしらなみ
372,かすむ,あめかすむくれ,はるかぜ-ほととぎす
373,かず,かずあまた,いかばかり
374,かず,かずならぬ,あきのゆうぐれ-はるがきた
375,かぜ,あきかぜ,ころもうつ-にわのつきかげ-のべのむしのね-はつかりのこえ-まつむしのこえ-やまのはのいろ-ふるさとのゆうべ-きぬぎぬのあと-ころもうつこえ-しぎのはねがき-つゆがこぼれる-ふねからきくなみがすさまじい-ひぐらしのこえ-まくらはいずこ-やまのはのつき-さおじかのこえ-つゆのふるさと-ひとむらすすき
376,かぜ,あきかぜがふく,なくきりぎりす-つゆふる-あさじがはら-はなすすき
377,かぜ,あきかぜのこえ,かげさびしい-みにしみる
378,かぜ,あきのかわかぜ,きりわたる
379,かぜ,あきのはつかぜ,つきいでる-のこるあつさにはしいする-むしなく-さそう-たなばた-ひとはより
380,かぜ,おぎにかぜ,ものおもうころ
381,かぜ,おぎのうわかぜ,あきのよ-ふるさとびと-おもう-ふるさと-ゆうまぐれ
382,かぜ,かぜがすさまじい,きりぎりす
383,かぜ,かぜがみにしみる,あきのそら
384,かぜ,かぜとあさがすみ,いづるひかげ
385,かぜ,かぜににおうたちばな,たますだれ
386,かぜ,かぜにはなちる,はるのゆめ
387,かぜ,かぜのおとわやま,おうさかのせき
388,かぜ,かぜのおりおり,なる
389,かぜ,かぜのしずけさ,におう
390,かぜ,かぜのすずしさ,やすらう
391,かぜ,かぜのはげしさ,しぐれくる-あきくれる
392,かぜ,かぜのまにまに,くれるひ-なみかえる
393,かぜ,かぜのむらさめ,ほととぎす
394,かぜ,かぜのゆくすえ,うえおく
395,かぜ,かぜみえる,はつかりのこえ
396,かぜ,こがらしのかぜ,ふえのね-やまのあきくれる
397,かぜ,すごいあきかぜ,ののひとつまつ
398,かぜ,そでふきおくるかぜ,たまぼこ
399,かぜ,ただあきのかぜ,かりなく
400,かぜ,ただまつのかぜ,はつしぐれ
401,かぜ,つゆふくかぜ,むしなく
402,かぜ,のわきのかぜ,あけのそほぶね
403,かぜ,はつかぜときのうはきいてあきふける,ひとはのこらないもみじ
404,かぜ,はなのはるかぜ,やまざくら
405,かぜ,はなのやまかぜ,はるになる
406,かぜ,はるかぜがふく,かすむ
407,かぜ,ふくかぜのあきのつゆ,ひぐらしのこえ
408,かぜ,ふくなみのうらかぜ,とりのなきたつ
409,かぜ,まつかぜがふく,くもうく-うい-たのむ
410,かぜ,まつかぜのこえ,つきをみる-はなちる
411,かぜ,まつふくかぜ,ちるはな
412,かぜ,みねのあきかぜ,かりなく
413,かぜ,やまのまつかぜ,しばのいお-なかなか
414,かぜ,よわのあきかぜ,くさまくら
415,かた,おちかたのくも,とりなく-ひとむら
416,かた,おちかたのやま,わたのはら
417,かた,おちかたびとのそで,おくる
418,かた,かたもさだめない,しるべ
419,かた,くものおちかた,しぐれる
420,かた,くれゆくかた,かえる
421,かたしく,かたしく,つきのあかつき
422,かたみ,かたみ,おもいやる-におうころもで-ひとのおもかげ-ちぎり
423,かたむく,かたむく,ふるみやのうち
424,かたむく,つきがかたむく,ふるさとにあきのかぜ-あきのよ
425,かたる,かたるばかりにむかうおもかげ,それでないこえ
426,かつらぎ,かつらぎのやま,たえだえ
427,かつらぎ,さくらのかつらぎのやま,あさがすみたつ
428,かなしい,たびはかなしい,くさまくら-かりまくら
429,かなしい,わかれるたびはかなしい,あうひと
430,かね,いりあいのかね,うちしぐれ-かどさす-かえる-はなのかげ-まよう-やまぶかい-わからない-あらまし-おもいたい-かどみえる-つづく-はつせでら-はつせやま-はるになる-ひがくれる
431,かね,かねなる,あかつきのそら-すぎのむらだち-つきがかたむく-みねのふるでら-やまのはのつき
432,かねごと,ひとのかねごと,ちぎり
433,かみ,かみにただいのる,むすぶちぎり
434,かみ,まつりするかみ,もりのこがくれ
435,かも,かもひよし,あおいかつら
436,から,からごろも,そでのうつりが-よがふける-あきのよもぎうのさと
437,かり,おちるあまつかり,つきのいでしほ
438,かり,かえるかりがね,あらわれる-ふるさと-やまざくら
439,かり,かえるかりのこえ,あわれをいう
440,かり,かりなく,あきがふける-ふしみのゆめ
441,かり,かりのいくつら,はるばる
442,かり,かりのこえ,かすみこめる
443,かり,かりのこえごえ,うつろう
444,かり,かりのたまずさ,へだつふるさと
445,かり,かりのひとこえ,あきふける
446,かり,かりのひとつら,そことない
447,かり,とぶかりのつばさ,あけわたるそら
448,かり,はつかりのこえ,あまおぶね
449,かり,はるのかりがね,こなたかなた
450,かり,わたるかりがね,ながいよ
451,かりそめ,かりそめ,いりあいのかね-ひぐれ
452,かりの,かりのよるのゆめ,あしたのくも
453,かわ,あきのかわかぜ,きりわたる
454,かわ,かわおと,つきのさやけさ
455,かわ,かわぞいのみち,あかつき-わたしぶね
456,かわ,かわぞいぶね,きしのくれたけ
457,かわ,かわつらのさと,はるか
458,かわ,ちかいかわおと,すずしさ
459,かわ,つきのかわかみ,かねのおと
460,かわ,よどのかわぶね,むらさめ-ほととぎす
461,かわす,かわすことのは,ほととぎす
462,かわず,かわずなく,うぐいす-さみだれ-にわたづみ
463,かわる,いろかわる,まつむしのこえ
464,かわる,いろかわるころ,はなさく
465,かわる,ひとのこころがかわる,うみやま
466,かわる,ひとのこころのかわるよのなか,あきのくれ-あきがくる-あわれ-いろみえる-ういみのとき-おとろえる-そでぬれる-たび-ちぎり-つきをみる-とりどり-はかないはねをならべるとりべやま-はなさく-はなもない-はねをならべるとりべやま-ひとつ-ほととぎす-みをしらない-みをしる-わがうえ
467,かんなづき,かんなづき,ここのえのうち
468,かんなび,かんなびのもり,あきのみむろやま
469,き,きぎのいろいろ,あきくれる
470,きえる,きえるけむり,もしおくむ
471,きえる,きえるならきえるおもい,みをあきちかくとぶほたる
472,きえる,ゆききえる,うぐいすのこえ-こおりながれる
473,きく,きくのひともと,やまびと
474,きく,きくのもめずらしい,ほととぎす
475,きく,きくほととぎす,ありあけのそら
476,きく,つゆのおときくにわ,たまだれのきり
477,きく,ゆうつけどりをきく,ふかいよる
478,きし,きしのやまぶき,かわずなく
479,きぬぎぬ,きぬぎぬ,ありあけのつき-そでのうつりが
480,きぬぎぬ,きぬぎぬのあと,かたみ
481,きぬぎぬ,きぬぎぬのそで,しののめ
482,きぬた,きぬたのおと,たまぼこのゆくえ
483,きのう,きのうのくも,あさぼらけ
484,きのう,はつかぜときのうはきいてあきふける,ひとはのこらないもみじ
485,きみ,きみのことのは,いつわり
486,きみがよ,きみがよ,あう
487,きょう,きょうごと,いりあいのかね
488,きょう,きょうばかり,かりごろも
489,きよまわり,きよまわり,ののみやのみち
490,きり,きりにしも,つきはいでてもくらい
491,きり,きりのうえ,ゆうまぐれ
492,きり,きりのこる,つきほのか
493,きり,きりのしたみち,おとがする
494,きり,きりのまがき,あけはなれる
495,きり,きりはれのぼる,あさひかげ
496,きり,きりはれる,ひとすじしろい
497,きり,ほのかなきり,ころもうつおと
498,きりぎりす,きりぎりす,あさじうのおく-つきのさむしろ-つゆのよのなか-のこるやまとなでしこ
499,きりぎりす,なくきりぎりす,あかしはてる-くれつがた-みにかぎらない-みみにみちる
500,きわめる,たのしみをきわめる,かりのこのよ
501,くさ,あきくさ,なくきりぎりす
502,くさ,かれたくさがもえでる,こまいわうこえ
503,くさ,くさのいお,やまほととぎす
504,くさ,くさのつゆ,むしのなくこえ
505,くさ,くさのとのうち,まちわびる
506,くさ,くさはのこらないゆきのしたおれ,のわきするにわにつき
507,くさ,くさはら,だれをとおうか
508,くさ,くさばのつゆ,あだしの
509,くさ,くさまくら,しるべおきいづるみち-きけばあらし-ながきよのゆめ-ふるさとのゆめ-ゆめのおもかげ
510,くさ,つゆしぐれのくさ,わたるかりがね
511,くさ,もずのくさぐき,はしもみじ
512,くさ,もりのしたくさ,はなれごま
513,くさ,わかくさまくら,あきふける
514,くさ,わすれとうくさはら,ふるさと
515,くに,くににしたがう,やまとことのは
516,くむ,よるくむさかずき,つきのもと
517,くめ,くめのいわはし,ただひとこと
518,くも,あけぼののくも,きぬぎぬのおもかげをしたう
519,くも,おちかたのくも,とりなく-ひとむら
520,くも,きのうのくも,あさぼらけ
521,くも,くもかかるみね,はなざかり
522,くも,くものおちかた,しぐれる
523,くも,くものかけはし,かささぎ
524,くも,くものたえま,みねのあらし
525,くも,くものひとむら,すてるほととぎす
526,くも,つきのむらくも,よるにかりなく
527,くも,なかぞらのくも,みえかくれする
528,くも,みねのくも,やまほととぎす
529,くも,ゆうぐれのくも,しぐれる-ほととぎす-みねこえる
530,くもどり,くもどりのあと,あやおるみず
531,くる,あきがくる,つきいでる-はぎさく-いなおおせどり
532,くる,あきくる,ひぐらしがなく
533,くる,あさくるうぐいす,たますだれ
534,くる,あだとかかりくる,たまのおのすえ
535,くる,はるがくる,うぐいすがなく-うちかすむ-うめさく
536,くるしい,やまがくるしい,おいのさか
537,くれ,あきのくれがた,はつしぐれ
538,くれ,あめかすむくれ,はるかぜ-ほととぎす
539,くれ,あめのくれ,やまほととぎす
540,くれ,かげくれる,さみだれのころ
541,くれ,くれごとのそら,ほととぎす
542,くれ,くれゆくかた,かえる
543,くれ,くれる,かえるふなびと
544,くれ,はるのくれ,かすむいりあいのかね
545,くれ,はるのくれがた,ふじさく
546,くれ,ひがくれる,ふるゆき-いりあいのかね-ふくかぜ
547,くれ,ほたるとうくれ,つきはまだ
548,くれない,くれないのうめ,うぐいす
549,くれない,そでのくれない,たつたがわ
550,けむり,うすけむり,まつのひともと
551,けむり,おもいのけむり,あきのくれ
552,けむり,きえるけむり,もしおくむ
553,けむり,けむりひとすじ,だれかがうえたまつのこる
554,こいしい,みやこがこいしい,なくほととぎす
555,こえ,あきかぜのこえ,かげさびしい-みにしみる
556,こえ,あまひこのこえ,ほととぎす
557,こえ,うぐいすのこえ,たにのとはあけてもおそいひのひかり-あさぼらけ-かすむあさまだき-うちかすむ-えだにうめさく-かすみつつ-かすむの-かすむ-そことなくかすむ-みずたえだえ-はるのこる-ほととぎす-ゆききえる-よわのつき-はるのの
558,こえ,おじかなくこえ,ねざめればつき
559,こえ,かえりにこまいわうこえ,みやこびと
560,こえ,かえるかりのこえ,あわれをいう
561,こえ,かりのこえ,かすみこめる
562,こえ,かりのこえごえ,うつろう
563,こえ,かりのひとこえ,あきふける
564,こえ,こえする,かこいすてる
565,こえ,こえのさむさ,あきのかぜ
566,こえ,さおじかのこえ,いかばかり-つきのさよふける-つゆおちる-なる-のがとおい-むらすすき
567,こえ,さるさけぶこえ,あきさむい
568,こえ,すずむしのこえ,ふりはえる
569,こえ,たけをうつこえ,よがふける
570,こえ,ちどりなくこえ,おもいかねる
571,こえ,とりのこえ,あめのなごり
572,こえ,とりのこえごえ,くれる-つきおちる-のがとおい
573,こえ,とりのなくこえ,せきのと
574,こえ,とりのひとこえ,あける-ほととぎす
575,こえ,なみだあらそうこえ,かりなく
576,こえ,はつかりのこえ,あまおぶね
577,こえ,ひぐらしのこえ,やまのかげ-ゆうづくよ
578,こえ,ほととぎすのひとこえ,はるのうぐいす
579,こえ,まつかぜのこえ,つきをみる-はなちる
580,こえ,まつむしのこえ,あらしのやま-つきのよ-なる-むらすすき
581,こえ,むしのこえ,あきふける-つゆがみだれる-ひとむらすすき
582,こえ,むしのこえごえ,こはぎはら-ふくかぜ
583,こえる,こえるおうさかのせき,こがくれる
584,こえる,こえるおうさかのやま,みやこのはるがすみ
585,こえる,としこえる,かすむあけぼの
586,こえる,みずこえる,なみのうきはし
587,こえる,みねこえる,はるのかりがね
588,こおり,こおりそめる,しもふる
589,こおり,そでのこおり,しらない
590,こがらし,こがらしのかぜ,ふえのね-やまのあきくれる
591,こころ,おなじこころ,よしや
592,こころ,おろかなこころ,おもいそめる
593,こころ,こころあらそううた,うぐいすのこえごえ
594,こころ,こころうかれる,かえる
595,こころ,こころうらめしい,つれなくみる
596,こころ,こころがまどのうち,ともしびのかげ
597,こころ,こころづくし,なみのおと
598,こころ,こころである,しらない
599,こころ,こころではない,ながらえる
600,こころ,こころながくまて,つなひくわたしぶね
601,こころ,こころにて,かすみあさつゆ
602,こころ,こころをつくすあめのよる,みがおいたほととぎす
603,こころ,ひとのこころ,なみだおちる-はかない
604,こころ,ひとのこころがかわる,うみやま
605,こころ,ひとのこころのかわるよのなか,あきのくれ-あきがくる-あわれ-いろみえる-ういみのとき-おとろえる-そでぬれる-たび-ちぎり-つきをみる-とりどり-はかないはねをならべるとりべやま-はなさく-はなもない-はねをならべるとりべやま-ひとつ-ほととぎす-みをしらない-みをしる-わがうえ
606,こころ,ひとのこころのよのなか,はなをうらむ
607,こし,こしのしらゆき,かえるかりがね
608,こずえ,こずえのあき,しかのこえ
609,こずえ,はなのこずえにあらわれる,ふるでらのみち
610,こちょう,こちょうという,つゆのくさむら
611,こちょう,こちょうのたとえ,ももとせ
612,こと,あきないことのね,まつかぜのつき
613,ことのは,おもうひとのことのは,われのみひとりそでをぬらす
614,ことのは,かわすことのは,ほととぎす
615,ことのは,きみのことのは,いつわり
616,ことのは,ことのはがない,かすむたまつしま
617,ことのは,のりのことのは,こまとめる
618,ことのは,やまとことのは,もろこし
619,こぼれる,こぼれるたけのはのつゆ,かたしきのまくら
620,こぼれる,つゆのつきがこぼれる,むしのねによがふける
621,こま,かえりにこまいわうこえ,みやこびと
622,こめる,かすみこめる,おぼつかない-よぶこどり
623,こもる,ふゆこもるころ,うめがはるまつ
624,ころ,いろかわるころ,はなさく
625,ころ,さくらさくころ,かすむ
626,ころ,さみだれのころ,たにうえやらない-ほととぎす-ねざめのほととぎす
627,ころ,しのにふるころ,ころもがひがたい
628,ころ,ふゆこもるころ,うめがはるまつ
629,ころ,ものおもうころ,いかなる-だれがうい
630,ころも,すみのころもで,かたみ
631,ころも,たびのころもで,さともない
632,ごと,きょうごと,いりあいのかね
633,ごと,はなのはるごと,うぐいすのこえ
634,ごと,ものごと,はるあきのそら
635,さえずる,とりがさえずる,かえしおく
636,さえる,つきさえる,ちどりなくこえ
637,さかずき,よるくむさかずき,つきのもと
638,さく,うめさく,うぐいすのこえ
639,さく,さくはるのはな,さくらとやどのうめのえだ
640,さく,さくらさく,はるさめのそら
641,さく,さくらさくころ,かすむ
642,さく,はなさく,うすがすみ-うぐいすがなく-まつにふじのたそがれ
643,さくら,さくらさく,はるさめのそら
644,さくら,さくらさくころ,かすむ
645,さくら,さくらちるかげ,はるながら
646,さくら,さくらのうえ,かねなる
647,さくら,さくらのかつらぎのやま,あさがすみたつ
648,さけぶ,さるさけぶこえ,あきさむい
649,さそう,さそう,こころうかれる-みちのかたがた
650,さと,かえるさとびと,かた
651,さと,かわつらのさと,はるか
652,さと,さとのはるかさ,おだのはら
653,さと,さとのひとむら,くさまくら
654,さと,さとはなれたみち,かさなる
655,さと,たがさと,ありあけがた
656,さと,やまもとのさと,かけはし
657,さびしい,なおさびしい,やまのおく
658,さびしい,なごりさびしい,ふゆごもり
659,さびしい,ものさびしい,こえがきこえる
660,さみだれ,さみだれ,なくほととぎす-くもになくほととぎす-やまほととぎす
661,さみだれ,さみだれのあと,のきばかたむく
662,さみだれ,さみだれのうち,ほととぎす
663,さみだれ,さみだれのころ,たにうえやらない-ほととぎす-ねざめのほととぎす
664,さみだれ,さみだれのつゆ,ほととぎす
665,さむい,あきさむい,うつあさごろも
666,さむい,さむいひ,たびのころもで
667,さむい,ややさむいそで,あきのしも
668,さめる,ゆめさめる,やまかぜがふく
669,さやか,さやか,あきかぜのそら-はるがみえる
670,さやか,さやかなほし,ももしきのにわ
671,さやか,つきがさやか,きりはれる
672,さやか,つきもさやか,あかつきがた
673,さよのなかやま,つきのさよのなかやま,あきふける
674,さる,さるさけぶこえ,あきさむい
675,さわ,あきのさわみず,しぎなく
676,さわ,さわみずのおと,ふねくだすふしみ
677,しが,しがのうらぶね,かみまつり
678,しぎ,ういしぎのはねがき,はかない
679,しぎ,しぎのはねおと,あきのしも
680,しぎ,しぎのはねがき,ひとついお
681,しぐれ,あきしぐれ,いろづく
682,しぐれ,あきにしぐれる,かぜにつゆがこぼれる
683,しぐれ,しぐれる,おもうふるさと
684,しぐれ,つゆしぐれのくさ,わたるかりがね
685,しぐれ,ひとしぐれ,このはちるおと
686,しぐれ,ゆうしぐれ,くものむらむら
687,しず,しずのおだまき,いにしえ
688,しずか,あさけしずか,たますだれ
689,しずか,しずか,ういてねるかもめ-みずのすずしさ-あかつきふかい-あけはなれる
690,した,いくえとよらのたけのしたみち,またつきあるゆきのはれる
691,した,きりのしたみち,おとがする
692,した,くさはのこらないゆきのしたおれ,のわきするにわにつき
693,した,このしたつゆ,ゆうべ
694,した,はぎのしたつゆ,うすぎりのまがき
695,した,もりのしたくさ,はなれごま
696,した,やまのしたかげ,そよぐあきかぜ
697,した,やまのしたみち,ほととぎす-さおじかのこえ-しかなく
698,したがう,くににしたがう,やまとことのは
699,しな,うたのしなじな,はなのこのもと
700,しの,しのにふるころ,ころもがひがたい
701,しののめ,よはしののめ,わかれる
702,しのぶ,しのぶぐさ,ふるきのきば
703,しば,しばのいお,いにしえのゆめ-はなのちるころ
704,しば,しばのとのうち,おもう
705,しば,なれるしばびと,からすとぶ
706,しぼむ,しぼむあさがお,ひともみる
707,しみる,かぜがみにしみる,あきのそら
708,しみる,みにしみる,そでにかける-つきさやか
709,しめる,とこをしめる,しずか
710,しも,きりにしも,つきはいでてもくらい
711,しも,しもすさまじいやま,まつあらわれる
712,しも,しものかたしき,つきをみる
713,しも,つきにしも,ちかいかりがね
714,しも,ながつきのしも,ありあけ
715,しらかわのせき,しらかわのせき,みちのおく
716,しる,あわれしる,いにしえのあと
717,しる,しる,なくほととぎす
718,すえ,おやまだのすえ,しもがれ
719,すえ,たけのすえずえ,かすか
720,すえ,ながれのすえ,たのものはら
721,すえ,みずのすえみえる,くれるはしのひとすじ
722,すえ,みちのすえ,たちやすらう
723,すぎ,すぎのむらだち,すえにちるはな
724,すぎる,すぎるむらさめ,ほととぎす
725,すぎる,はるすぎる,ひがながい
726,すぎる,ほととぎすまくらのいずちすぎる,しずかなあめ
727,すぎる,むらさめすぎる,ほととぎす
728,すごい,すごいあきかぜ,ののひとつまつ
729,すさまじい,かぜがすさまじい,きりぎりす
730,すさまじい,しもすさまじいやま,まつあらわれる
731,すさまじい,すさまじいそら,たびごろも
732,すじ,けむりひとすじ,だれかがうえたまつのこる
733,すじ,ひとすじ,けむりふきやるかぜ
734,すじ,みずのひとすじ,たき
735,すじ,みちのひとすじ,はなれごま-ゆきつれる
736,すすき,かれはなすすき,よわるむしのね
737,すすき,はなすすき,まつむしのこえ
738,すすき,ふとむらすすき,しもまようやまだ
739,すずしい,すずしい,ほたるとびかう
740,すずむし,すずむしのこえ,ふりはえる
741,すだれ,すだれをまけばゆき,よもすがら
742,すだれ,たますだれ,しずかなともしびのかげ
743,すだれ,たますだれあける,つきのさむしろ
744,すてる,すてるよのなか,わびぬればおもう
745,すま,すまのうら,なみここもと-つまとうちどりしばなく
746,すま,すまのうらなみ,もしおやくけむり-あわじがた
747,すま,すまびと,わかぎのさくら
748,すま,なおすまのうら,ともちどり
749,すみ,すみぞめのそで,あめのくれ-しばのいお-なみだ
750,すみ,すみのころもで,かたみ
751,すみだがわ,すみだがわ,こえるいせき
752,すみよし,すみよし,ことのはのみち
753,すみよし,すみよしのうら,あわじしま
754,すみよし,すみよしのまつ,かきのやはたやま
755,すみよし,すみよしのまつとたのむ,あだなみがそでぬらす
756,すむ,つきかげすむ,つゆさむいそで
757,すむ,つきすむ,あきかぜがふく-あまつかりがね-ころもうつこえ
758,すむ,みずはすむ,あけがた
759,せみ,せみのもろごえ,からごろも
760,そう,そうはおもかげ,はなのあと
761,そこ,かすみのそこ,かわずなく
762,そで,おちかたびとのそで,おくる
763,そで,かたしきのそで,よわのつき
764,そで,きぬぎぬのそで,しののめ
765,そで,すみぞめのそで,あめのくれ-しばのいお-なみだ
766,そで,そでがつゆっぽい,うい-ものおもい-ものおもう
767,そで,そでぬれる,くさのはら-あかつき
768,そで,そでのいろいろ,つきにかえる
769,そで,そでのうつりが,あやめぐさ-おもかげ-かたみ-たちばな
770,そで,そでのうめのか,うぐいす
771,そで,そでのくれない,たつたがわ
772,そで,そでのこおり,しらない
773,そで,そでふきおくるかぜ,たまぼこ
774,そで,そでをぬらす,たちわかれ-くさのかりいお
775,そで,なみだがわがそでのうえ,おもう
776,そで,まいのそで,おばしまのおく
777,そで,ややさむいそで,あきのしも
778,その,そののあさがお,ひかりさえへだたる
779,そのまま,そのまま,ただおもかげは
780,そば,そばのかけはし,しもはただ
781,そら,あかつきのそら,くさまくら
782,そら,あきのそら,つきのゆうぐれ
783,そら,あけがたのそら,つきはなお
784,そら,あけぼののそら,わかれをいそぐ-きえない-かねなる
785,そら,あめのこるそら,ほととぎす
786,そら,ありあけのそら,あきのかぜ-くさまくら
787,そら,いねがてのそら,つきをまくらに
788,そら,くれごとのそら,ほととぎす
789,そら,すさまじいそら,たびごろも
790,そら,たなびくよこぐものそら,つきのこる
791,そら,たびのそら,くさのまくら
792,そら,つきにありあけのそら,よをこめる
793,そら,ながあめのそら,ほととぎす
794,そら,ふかいよるのそら,ありあけ
795,そら,ほたるとぶそら,あきがくる
796,そら,むらさめのそら,やまのは-ほととぎす
797,そら,ゆうぐれのそら,なる-ほととぎす-やまざと-わがこころ
798,そら,ゆくすえのそら,かえるさ-うえおく
799,そら,よこぐものそら,はるのよ
800,た,うえるた,はれたさみだれのそら
801,た,うちかえすた,かわずなく
802,たえだえ,みずのたえだえ,あさごおり
803,たえだえ,みちたえだえ,ゆきふる
804,たえま,くものたえま,みねのあらし
805,たえる,おもいたえる,つれない
806,たかい,みねたかい,さおじかのこえ
807,たき,たきのいわなみ,おとわがわ
808,たく,あしびたくかげ,とぶほたる
809,たけ,いくえとよらのたけのしたみち,またつきあるゆきのはれる
810,たけ,くれたけ,ゆきのしたいお-とりのこえごえ
811,たけ,こぼれるたけのはのつゆ,かたしきのまくら
812,たけ,たけうちなびく,とぶほたる
813,たけ,たけのすえずえ,かすか
814,たけ,たけのひとむら,かたおかのべ-やまもと
815,たけ,たけをうつこえ,よがふける
816,たけ,なびきあうたけ,つづく
817,たける,としたける,ゆめもうつつも
818,たそがれ,ふじのたそがれ,はるのほととぎす
819,たちばな,かぜににおうたちばな,たますだれ
820,たちばな,におうたちばな,こすのと-あさつゆ
821,たちばな,のきのたちばな,ほととぎす
822,たつ,すずしさにあきたつ,ひぐらしのこえ
823,たつ,たつひのなつごろも,やまほととぎす
824,たつ,はるたつ,ひかりのどか
825,たつ,むらさめがたつ,つゆにうつろう
826,たどる,かすみにたどるみち,よぶこどり
827,たなばた,たなばた,ありあけのそら
828,たなびく,たなびくよこぐものそら,つきのこる
829,たに,たにのいお,すむみねのふるでら
830,たのしむ,たのしむ,さとのとみくさ
831,たのむ,すみよしのまつとたのむ,あだなみがそでぬらす
832,たのむ,なにたのむ,あさがおのはな
833,たのむ,みをたのむな,いのち
834,たび,いづるたびびと,かりまくら
835,たび,たびごろも,のははるか
836,たび,たびにある,くさまくら
837,たび,たびのかなしさ,ほととぎす
838,たび,たびのころもで,さともない
839,たび,たびのそら,くさのまくら
840,たび,たびはうい,そでがつゆっぽい
841,たび,たびはかなしい,くさまくら-かりまくら
842,たび,つきのたびのみち,のちのよのあき
843,たび,わかれるたびはかなしい,あうひと
844,たましまがわ,たましまがわ,みずのさびあゆ
845,たまずさ,かりのたまずさ,へだつふるさと
846,たまぼこ,たまぼこ,そでのいろいろ
847,だれ,だれかえる,ひともなし
848,だれ,だれなのか,こころであればなあ
849,だれ,だれにわすれる,つらい
850,だれ,だれをとおうか,くさのはら
851,だれ,だれをまつ,ゆうべ-よぶこどり
852,だれ,だれをまつむしのなく,とうひともあらしのやまのあきのくれ
853,ちかい,ちかいかわおと,すずしさ
854,ちかい,ちかいやまざと,おもいやる
855,ちかい,のべちかいうぐいす,ゆきのたけのすえずえ
856,ちかい,やまちかい,はなまちどおい
857,ちぎり,ただありなしのちぎり,うちのかたち
858,ちぎり,ちぎり,ひとのおもかげ-ゆめのおもかげ
859,ちぎり,ゆうがおのちぎり,たそがれどき
860,ちどり,ちどりなく,うちしぐれる-かえる
861,ちどり,ちどりなくこえ,おもいかねる
862,ちどり,むらちどり,まさごじのすえ
863,ちょう,ちょうのあわれさ,うちかわす
864,ちる,かぜにはなちる,はるのゆめ
865,ちる,さくらちるかげ,はるながら
866,ちる,ちるのがおしい,うずらなく
867,ちる,ちるはな,うぐいすのこえ-うぐいすがなく
868,ちる,はなちる,のこりおおい-はるのくれがた-はるのさびしさ
869,つき,あかつきづき,しぐれ
870,つき,あきのつき,そでがつゆっぽい
871,つき,あきのよのつき,みにしみる-のわきする
872,つき,あけやすいつき,あうきぬぎぬはうい
873,つき,ありあけのつき,ういものはない-かえるかりがね-かりのこえ-ほととぎす-むさしのとくさまくら-あかつき-あきのくも-あきふける-かぜさえる-やまこえる
874,つき,いにしえのつき,ういあき
875,つき,おぼろにのこるありあけのつき,たななしおぶねのおと
876,つき,おもうこととつき,あきのあまのはしだて
877,つき,かりねのつきかげ,はなうちかおる
878,つき,たまくらのつき,ゆめさめる
879,つき,つきいでやる,いなずまのかげ
880,つき,つきいでる,あきのむらさめ-かぜわたる-まさごじのすえ-よがながい
881,つき,つきおちる,あきのはつしも
882,つき,つきかげすむ,つゆさむいそで
883,つき,つきがかすむ,のこる
884,つき,つきがかすむよる,くもいをかえるかりがね
885,つき,つきがかたむく,ふるさとにあきのかぜ-あきのよ
886,つき,つきがこおる,むしのね-よがふける
887,つき,つきがさやか,きりはれる
888,つき,つきがほのめく,あきかぜ
889,つき,つきさえる,ちどりなくこえ
890,つき,つきさしいでる,あきかぜ
891,つき,つきすむ,あきかぜがふく-あまつかりがね-ころもうつこえ
892,つき,つきにありあけのそら,よをこめる
893,つき,つきにしも,ちかいかりがね
894,つき,つきのあかしがた,おかべのあき
895,つき,つきのいりがた,あきのそら
896,つき,つきのかわかみ,かねのおと
897,つき,つきのさびしさ,うつる-あきのそら
898,つき,つきのさやけさ,あきのかぜ-ひややか-ふけふける-あきふける-なきそめる
899,つき,つきのさよのなかやま,あきふける
900,つき,つきのたびのみち,のちのよのあき
901,つき,つきのむらくも,よるにかりなく
902,つき,つきのもと,ころもでのつゆ
903,つき,つきのゆくすえ,しぐれる
904,つき,つきはありあけ,ほととぎす
905,つき,つきふける,そでのつゆけさ
906,つき,つきまつ,かわるよのなか
907,つき,つきもさやか,あかつきがた
908,つき,つきよなよな,さむしろのつゆ
909,つき,つきをみる,あきかぜがふく
910,つき,つゆのつきがこぼれる,むしのねによがふける
911,つき,なつのよのつき,ほととぎす
912,つき,ねやのつきかげ,きりぎりす
913,つき,はるのよのつき,こえごえ
914,つき,ふるさとのつき,くさまくら-なくむし
915,つき,みじかよのつき,ほととぎす
916,つき,みやこのつきにかえる,くさまくら
917,つき,やまのはのつき,あきかぜ-あきふける
918,つき,よわのつき,あきかぜのそら-かねかすか-そでのあきかぜ-おじかなくやま
919,つくす,こころをつくすあめのよる,みがおいたほととぎす
920,つじ,みちのつじうら,まちわびる
921,つたう,つたう,そばのかけはし
922,つたう,はまつたう,かえるつりぶね
923,つな,ふねのつなでなわ,しおがまのうら
924,つばさ,とぶかりのつばさ,あけわたるそら
925,つゆ,あさじうのつゆ,たえない
926,つゆ,くさのつゆ,むしのなくこえ
927,つゆ,くさばのつゆ,あだしの
928,つゆ,このしたつゆ,ゆうべ
929,つゆ,こぼれるたけのはのつゆ,かたしきのまくら
930,つゆ,さみだれのつゆ,ほととぎす
931,つゆ,しらつゆ,おもかげばかり
932,つゆ,そでがつゆっぽい,うい-ものおもい-ものおもう
933,つゆ,つゆがみだれる,あさぎり
934,つゆ,つゆしぐれのくさ,わたるかりがね
935,つゆ,つゆにみだれる,とぶほたる
936,つゆ,つゆのあけぼの,くさまくら
937,つゆ,つゆのおときくにわ,たまだれのきり
938,つゆ,つゆのすずしさ,ゆうだち
939,つゆ,つゆのたまくら,おみなえし
940,つゆ,つゆのつきがこぼれる,むしのねによがふける
941,つゆ,つゆのふるさと,あきかぜ
942,つゆ,つゆのふるみち,よわのつき
943,つゆ,つゆふくかぜ,むしなく
944,つゆ,つゆもなみだも,おもいぐさ
945,つゆ,はぎのしたつゆ,うすぎりのまがき
946,つゆ,ふくかぜのあきのつゆ,ひぐらしのこえ
947,つら,かわつらのさと,はるか
948,つら,はるのうみつら,のどか
949,つらい,うくつらい,はなのやまかぜ
950,つり,あまのつりぶね,あさぼらけ-なみにしぐれる-まつたてる
951,つり,おきのつりぶね,なみのうえ
952,つれない,うえはつれない,いろづく
953,つれない,つれない,なくやまほととぎす-ありあけのつき
954,でる,かれたくさがもえでる,こまいわうこえ
955,でる,つきいでる,あきのむらさめ-かぜわたる-まさごじのすえ-よがながい
956,でる,つきさしいでる,あきかぜ
957,と,くさのとのうち,まちわびる
958,と,しばのとのうち,おもう
959,とう,あとをだにとう,ゆきとはなのかげ
960,とう,ほたるとうくれ,つきはまだ
961,とう,やどをとう,おもかげ
962,とう,わすれとうくさはら,ふるさと
963,とおい,のがとおい,やすらい-いりあいのかね
964,とおい,みやこがとおい,あすかかぜ
965,とおり,ただひととおり,なる
966,とおり,ひととおり,みちのかたがた
967,とこ,とこをしめる,しずか
968,ところどころ,ところどころ,わかつ-なきいでる-かけはし
969,とし,としこえる,かすむあけぼの
970,とし,としたける,ゆめもうつつも
971,とし,としどしのはな,ふるやまざくら
972,となえる,ほとけとなえる,こもりいる
973,とにかく,とにかくに,あかしくらす
974,とぶ,とぶかりのつばさ,あけわたるそら
975,とぶ,とぶほたる,かぜのすずしさ-そでのすずしさ
976,とぶ,ほたるとぶそら,あきがくる
977,とぶ,みだれてとぶほたる,みずのすずしさ
978,ともしび,ともしびのかげ,つりぶね-あきぼたるとゆうまくら
979,ともしび,ともしびのもと,つりぶね
980,ともなう,ひぐれにともなう,うたうこえごえ
981,とり,かえるとりのね,くれわたる
982,とり,とりがさえずる,かえしおく
983,とり,とりなく,かたおかのみち
984,とり,とりのこえ,あめのなごり
985,とり,とりのこえごえ,くれる-つきおちる-のがとおい
986,とり,とりのさえずり,かすみ-たにのとのうぐいす-ひのかげ
987,とり,とりのなくこえ,せきのと
988,とり,とりのひとこえ,あける-ほととぎす
989,とり,ねぐらのはるのとりのね,しずか
990,ない,かくれがはない,みよしののおく
991,ない,ひとかげもしない,なる
992,ない,みやごともない,はながおとろえる
993,なか,すてるよのなか,わびぬればおもう
994,なか,なかぞら,あきのはつかぜ
995,なか,なかぞらのくも,みえかくれする
996,なか,ひとのこころのかわるよのなか,あきのくれ-あきがくる-あわれ-いろみえる-ういみのとき-おとろえる-そでぬれる-たび-ちぎり-つきをみる-とりどり-はかないはねをならべるとりべやま-はなさく-はなもない-はねをならべるとりべやま-ひとつ-ほととぎす-みをしらない-みをしる-わがうえ
997,なか,ひとのこころのよのなか,はなをうらむ
998,なか,ゆきのなかぞら,ふきとふく
999,なか,よのなか,みをやすく
1000,なかなか,なかなかいちはすみよい,みわのすぎむら
1001,ながい,よがながい,おもいわびる-つきをみる
1002,ながつき,ながつきのしも,ありあけ
1003,ながめる,ながめる,あわじしまやま
1004,ながれる,ながれる,ゆくえしれない
1005,ながれる,ながれるみず,よしのがわ
1006,なく,うぐいすがなく,あけがた-はなとあさぼらけ-かすむこのあした-あさぼらけ-ほととぎす
1007,なく,おじかなくこえ,ねざめればつき
1008,なく,かりなく,あきがふける-ふしみのゆめ
1009,なく,かわずなく,うぐいす-さみだれ-にわたづみ
1010,なく,だれをまつむしのなく,とうひともあらしのやまのあきのくれ
1011,なく,ちどりなく,うちしぐれる-かえる
1012,なく,ちどりなくこえ,おもいかねる
1013,なく,とりなく,かたおかのみち
1014,なく,とりのなくこえ,せきのと
1015,なく,なくきりぎりす,あかしはてる-くれつがた-みにかぎらない-みみにみちる
1016,なく,なくほととぎす,ありあけのつき-つきはありあけ-はなざかり-あまそそぎ
1017,なく,ほととぎすなく,なる
1018,なく,まつむしがなく,くさのはら-あきのくれ
1019,なく,むしなく,きりのしたみち
1020,なぐさめる,うきをただなぐさめる,ひとふでのあと
1021,なぐさめる,うちがなぐさめる,くさまくら
1022,なごり,なごり,まつむしのこえ
1023,なごり,なごりさびしい,ふゆごもり
1024,なつ,たつひのなつごろも,やまほととぎす
1025,なつ,なつかけて,きしのうのはな
1026,なつ,なつこだち,やまほととぎす
1027,なつ,なつのひ,むらさめのくも
1028,なつ,なつのよのつき,ほととぎす
1029,なでしこ,なでしこ,ひぐらしのこえ
1030,なに,なにおもう,よのなか
1031,なに,なにたのむ,あさがおのはな
1032,なに,なににたとえよう,ふくかぜ
1033,なびく,うちなびく,つゆもたまらない-ひとはおとしない
1034,なびく,たけうちなびく,とぶほたる
1035,なびく,なびくあおやぎ,かすむ-のこる
1036,なみ,いわこすなみ,たきおちる
1037,なみ,おきのしらなみ,たつたやまのあき
1038,なみ,おきのなみ,たつたのやま
1039,なみ,かかるふじなみ,たごのながきひ-かすむみかさやま
1040,なみ,すまのうらなみ,もしおやくけむり-あわじがた
1041,なみ,たきのいわなみ,おとわがわ
1042,なみ,なみのうえ,もしおのけむり-ふねのうち
1043,なみ,なみのうきふね,てならい
1044,なみ,なみのまにまに,ねざめがち
1045,なみ,ふくなみのうらかぜ,とりのなきたつ
1046,なみ,まつのふじなみ,つきいでる-ほととぎす
1047,なみだ,つゆもなみだも,おもいぐさ
1048,なみだ,なみだ,そでのまゆずみ
1049,なみだ,なみだあらそうこえ,かりなく
1050,なみだ,なみだおちる,ひともない-ふるさと-ゆめさめる
1051,なみだ,なみだがわ,みなかみのもみじちる
1052,なみだ,なみだがわがそでのうえ,おもう
1053,なみだ,むかしをおもうなみだ,あきはかなしい-くさのいお
1054,なみだ,むかってなみだおちる,なる
1055,なる,あきちかくなる,こころぼそいはなおちるころ
1056,なる,かねなる,あかつきのそら-すぎのむらだち-つきがかたむく-みねのふるでら-やまのはのつき
1057,なる,なる,きりたちのぼる-いかだをくだすかわ-ところどころ-ふるづかのまつ-ゆきのやまもと-ありあけのつき
1058,なる,われでなくなるのがうい,こけのとのゆうあらし
1059,なわ,ふねのつなでなわ,しおがまのうら
1060,におう,うめにおう,あさぼらけ-うぐいす
1061,におう,うめにおうころ,うぐいす
1062,におう,かぜににおうたちばな,たますだれ
1063,におう,におううめのか,あさぼらけ
1064,におう,におうたちばな,こすのと-あさつゆ
1065,におう,みずににおうやまぶき,あめはれたはるのくれ
1066,にしき,もみじのにしき,ふるさと
1067,にわ,つゆのおときくにわ,たまだれのきり
1068,にわ,にわのあけぼの,あきのみず
1069,ぬれる,そでぬれる,くさのはら-あかつき
1070,ね,いわがね,はしのひとすじ
1071,ね,いわがねのまつ,いそにふねにひぐれ
1072,ねぐら,ねぐらのはるのとりのね,しずか
1073,ねや,ねやのつきかげ,きりぎりす
1074,ねる,ひとりねる,うらみわびる
1075,ねる,むらどりがねる,われおどろく
1076,の,のがとおい,やすらい-いりあいのかね
1077,の,のにかりまくら,かたしきのゆめ
1078,の,ののしたもえ,こまいわう
1079,の,のべちかいうぐいす,ゆきのたけのすえずえ
1080,の,のべのあけぼの,うぐいすのこえ
1081,の,のべのあわれさ,あさぼらけ
1082,の,のべのいろいろ,からごろも
1083,の,のべのおちこち,あらわれる
1084,の,のべのかりふし,たびまくら-たびのそら
1085,のき,のきのたちばな,ほととぎす
1086,のこる,あめのこるそら,ほととぎす
1087,のこる,おぼろにのこるありあけのつき,たななしおぶねのおと
1088,のこる,きりのこる,つきほのか
1089,のこる,のこる,そでのうつりが-ほのかなそら-うぐいすのこえ
1090,のこる,のこるありあけ,あさぼらけ
1091,のこる,のこるやまかげ,かえる
1092,のどか,のどか,あまのつりぶね
1093,のどか,ひかりのどか,とける
1094,ののみや,ののみや,くろきのとりい
1095,のぼる,きりはれのぼる,あさひかげ
1096,のり,のりのことのは,こまとめる
1097,のわき,のわきのあと,むしのこえ
1098,のわき,のわきのかぜ,あけのそほぶね
1099,は,やまのはのつき,あきかぜ-あきふける
1100,はぎ,こはぎうつろう,あきのかぜ
1101,はぎ,こはぎはら,のちのたびびと
1102,はぎ,はぎのしたつゆ,うすぎりのまがき
1103,はこぶ,はこぶみつぎ,くににしたがう-もろこしまでもしたがう
1104,はし,かけはし,まつのひともと
1105,はし,くめのいわはし,ただひとこと
1106,はし,くものかけはし,かささぎ
1107,はし,そばのかけはし,しもはただ
1108,はし,はしばしら,さみだれのころ
1109,はし,みちのかけはし,てらのかど-といよる
1110,はし,みねのかけはし,さるさけぶ
1111,はし,ゆめのうきはし,いにしえ-みゆきする-なみだがわ-はるのよ-みねにわかれる
1112,はじ,おかべのはじのひとむら,ゆうひがくれ
1113,はつ,あきのはつかぜ,つきいでる-のこるあつさにはしいする-むしなく-さそう-たなばた-ひとはより
1114,はつ,けさのはつゆき,さえさえる-うずみび
1115,はつ,はつかぜときのうはきいてあきふける,ひとはのこらないもみじ
1116,はつ,はつかりのこえ,あまおぶね
1117,はつせかぜ,はつせかぜ,よそのゆうぐれ
1118,はつせでら,はつせでら,よきのかみがき
1119,はてる,あけはてる,いかなる
1120,はてる,よわりはてる,きりぎりす
1121,はな,あおばのはなのあと,かかるふじなみ
1122,はな,あさがおのはな,まつむしのこえ
1123,はな,おしんではなをみる,そでのうめのか
1124,はな,おのえのはなをみる,かすみにくれる
1125,はな,かぜにはなちる,はるのゆめ
1126,はな,かれはなすすき,よわるむしのね
1127,はな,さくはるのはな,さくらとやどのうめのえだ
1128,はな,ちるはな,うぐいすのこえ-うぐいすがなく
1129,はな,としどしのはな,ふるやまざくら
1130,はな,はなうえる,わかぎのさくら
1131,はな,はなうちかおる,こがくれる
1132,はな,はなさく,うすがすみ-うぐいすがなく-まつにふじのたそがれ
1133,はな,はなざかり,うぐいすのこえ-かかるふじなみ-はるのすぎむら
1134,はな,はなすすき,まつむしのこえ
1135,はな,はなちる,のこりおおい-はるのくれがた-はるのさびしさ
1136,はな,はなならで,はるのふるさと
1137,はな,はなのいろ,うぐいすのこえ
1138,はな,はなのかげ,つつじやまぶき-とりのさえずり-とりのひとこえ-はるのさかずき-やまかすむくれ-みよしののはる
1139,はな,はなのかげにやすらう,はるのかえるさ
1140,はな,はなのこずえにあらわれる,ふるでらのみち
1141,はな,はなのこのもと,うぐいす-おとがする-やまざくら
1142,はな,はなのはる,さくらさくころ-つつじやまぶき
1143,はな,はなのはるかぜ,やまざくら
1144,はな,はなのはるごと,うぐいすのこえ
1145,はな,はなのひとえだ,やまざくら
1146,はな,はなのひともと,はるくれる
1147,はな,はなのやまかぜ,はるになる
1148,はな,はなみえる,うぐいすのこえ
1149,はな,はなよもみじよ,やまとうた
1150,はな,はるのはな,あおやぎのかげ-うぐいすのこえ-うぐいすがなく-たにのうぐいす
1151,はな,みよしののはな,うぐいすのこえ
1152,はな,やまなしのはな,おうのうらなみ
1153,はな,よしのがわのはな,はるすぎる
1154,はなれる,あけはなれる,かりがなきかわすそら
1155,はね,ういしぎのはねがき,はかない
1156,はね,しぎのはねおと,あきのしも
1157,はね,しぎのはねがき,ひとついお
1158,はま,はまつたう,かえるつりぶね
1159,はら,おやまだのはら,あきふける
1160,はら,くさはら,だれをとおうか
1161,はら,こはぎはら,のちのたびびと
1162,はら,まさごはら,ことのはのみち
1163,はら,わすれとうくさはら,ふるさと
1164,はらう,はらう,つきのさやけさ
1165,はる,かすむはるのとおやま,ありあけのつき
1166,はる,さくはるのはな,さくらとやどのうめのえだ
1167,はる,ねぐらのはるのとりのね,しずか
1168,はる,はなのはる,さくらさくころ-つつじやまぶき
1169,はる,はなのはるかぜ,やまざくら
1170,はる,はなのはるごと,うぐいすのこえ
1171,はる,はるあきのいろ,うつろう
1172,はる,はるかえる,わかばのくずのかかるうもれぎ
1173,はる,はるかぜがふく,かすむ
1174,はる,はるがくる,うぐいすがなく-うちかすむ-うめさく
1175,はる,はるすぎる,ひがながい
1176,はる,はるたつ,ひかりのどか
1177,はる,はるのあけぼの,うぐいす-かすむよ-かすむ
1178,はる,はるのいりひ,たえだえ
1179,はる,はるのうみつら,のどか
1180,はる,はるのかえるさ,あまつかり
1181,はる,はるのかりがね,こなたかなた
1182,はる,はるのくれ,かすむいりあいのかね
1183,はる,はるのくれがた,ふじさく
1184,はる,はるのさびしさ,はなさく
1185,はる,はるのともない,ゆうがすみ
1186,はる,はるのはな,あおやぎのかげ-うぐいすのこえ-うぐいすがなく-たにのうぐいす
1187,はる,はるのひかり,かすむ
1188,はる,はるのふるさと,ながきひ
1189,はる,はるのもののね,あらればしりのよるのつき
1190,はる,はるのやまざと,うぐいす
1191,はる,はるのやまでら,きさらぎのわかれをとう
1192,はる,はるのゆうぐれ,つきいでる
1193,はる,はるのよのつき,こえごえ
1194,はる,はるのよのゆめ,くさまくら
1195,はる,はるはあけぼの,よこぐも
1196,はる,はるよりのち,ながきひ
1197,はる,ふるきみやこのはる,うちかすむ
1198,はるか,さとのはるかさ,おだのはら
1199,はるばる,はるばる,あまのつりぶね
1200,はれる,きりはれる,ひとすじしろい
1201,はれる,はれるむらさめ,ひとこえのほととぎす
1202,はれる,みずはれる,あけのそほぶね
1203,はれる,ゆきがふりはれる,さゆるゆうかぜ
1204,ば,あおばのはなのあと,かかるふじなみ
1205,ば,かきのもとつば,みかわみず
1206,ば,くさばのつゆ,あだしの
1207,ば,もみじば,くむさかずき
1208,ひかり,はるのひかり,かすむ
1209,ひかり,ひかりのかげ,とぶほたる
1210,ひかり,ひかりのどか,とける
1211,ひぐらし,ひぐらしのこえ,やまのかげ-ゆうづくよ
1212,ひだり,ひだりみぎ,こころあらそううた
1213,ひと,おもうひとのことのは,われのみひとりそでをぬらす
1214,ひと,ひとかえる,のべのひとむら
1215,ひと,ひとかげもしない,なる
1216,ひと,ひとがうらめしい,とう
1217,ひと,ひとがまたれる,こいしさ
1218,ひと,ひとだのみ,おとずれて-なれなれる
1219,ひと,ひとのおとずれ,さくらちる
1220,ひと,ひとのおもかげ,わかれじ-あきふける-なぐさめる-なみだ
1221,ひと,ひとのかねごと,ちぎり
1222,ひと,ひとのこころ,なみだおちる-はかない
1223,ひと,ひとのこころがかわる,うみやま
1224,ひと,ひとのこころのかわるよのなか,あきのくれ-あきがくる-あわれ-いろみえる-ういみのとき-おとろえる-そでぬれる-たび-ちぎり-つきをみる-とりどり-はかないはねをならべるとりべやま-はなさく-はなもない-はねをならべるとりべやま-ひとつ-ほととぎす-みをしらない-みをしる-わがうえ
1225,ひと,ひとのこころのよのなか,はなをうらむ
1226,ひと,ひともある,かずそう
1227,ひと,ひとりねとかげ,かたしく
1228,ひと,ひとりねる,うらみわびる
1229,ひま,かすみのひま,はるあさい
1230,ひややか,ひややか,あきのほたる-みずのうきくさ
1231,ひややか,みずひややか,たきのなみ
1232,ひよし,かもひよし,あおいかつら
1233,ひらく,まどをひらく,なつごろも
1234,ふかい,ふかいよるのそら,ありあけ
1235,ふかい,よがふかい,くさまくら
1236,ふく,あきかぜがふく,なくきりぎりす-つゆふる-あさじがはら-はなすすき
1237,ふく,あらしふくやま,おおいがわかすむ
1238,ふく,つゆふくかぜ,むしなく
1239,ふく,はるかぜがふく,かすむ
1240,ふく,ふくかぜのあきのつゆ,ひぐらしのこえ
1241,ふく,ふくなみのうらかぜ,とりのなきたつ
1242,ふく,まつかぜがふく,くもうく-うい-たのむ
1243,ふく,まつふくかぜ,ちるはな
1244,ふける,あきふける,きぎのしたつゆ-さおじかのこえ-よわるむしのね-ころもうつおと-ありあけのつき
1245,ふける,つきふける,そでのつゆけさ
1246,ふける,はつかぜときのうはきいてあきふける,ひとはのこらないもみじ
1247,ふける,よがふける,まどろまない
1248,ふじ,かかるふじなみ,たごのながきひ-かすむみかさやま
1249,ふじ,ふじのたそがれ,はるのほととぎす
1250,ふじ,まつのふじなみ,つきいでる-ほととぎす
1251,ふで,ふでのあと,かすむあけのそほぶね
1252,ふね,おきのふね,うらのあさあけ
1253,ふね,なみのうきふね,てならい
1254,ふね,ふねのつなでなわ,しおがまのうら
1255,ふね,ふねひきのぼる,かえりみる
1256,ふゆ,ういふゆごもり,あさなあさな
1257,ふゆ,ふゆがれ,わがおもいぐさ
1258,ふゆ,ふゆこもるころ,うめがはるまつ
1259,ふる,あめがふる,みわがさき
1260,ふる,いけふる,あまのかぐやま
1261,ふる,しのにふるころ,ころもがひがたい
1262,ふる,つゆのふるみち,よわのつき
1263,ふる,ふる,つもるしらゆき-さみだれのころ
1264,ふる,ふるきみやこのはる,うちかすむ
1265,ふる,ふるでら,ともしびのもと-ともしびのかげ-いりあいのかね
1266,ふる,ふるみやのうち,つばくらめ
1267,ふる,みねのふるでら,はなさく
1268,ふるさと,おもうふるさと,たびのそら
1269,ふるさと,かえるふるさと,はるくれる-たびごろも
1270,ふるさと,すめるふるさと,おもう
1271,ふるさと,つゆのふるさと,あきかぜ
1272,ふるさと,とおきふるさと,たびごろも
1273,ふるさと,はるのふるさと,ながきひ
1274,ふるさと,ふるさと,たびのかなしさ-はなのひとえだ-おもいやるにもそで
1275,ふるさと,ふるさとのあき,かたみ
1276,ふるさと,ふるさとのつき,くさまくら-なくむし
1277,ふるさと,ふるさとびと,たびのそら
1278,へだたる,へだたる,まがきである
1279,ほし,さやかなほし,ももしきのにわ
1280,ほし,ほしをいただく,もののふがかぶとをきる
1281,ほそい,みちがほそい,はしのひとすじ
1282,ほたる,あきのほたる,はしいするそでひややか
1283,ほたる,とぶほたる,かぜのすずしさ-そでのすずしさ
1284,ほたる,ほたるとうくれ,つきはまだ
1285,ほたる,ほたるとぶそら,あきがくる
1286,ほたる,みだれてとぶほたる,みずのすずしさ
1287,ほとけ,ほとけとなえる,こもりいる
1288,ほととぎす,きくほととぎす,ありあけのそら
1289,ほととぎす,なくほととぎす,ありあけのつき-つきはありあけ-はなざかり-あまそそぎ
1290,ほととぎす,なけほととぎす,あめすぎる-くもまよう-みじかよ
1291,ほととぎす,ほととぎす,あかつきのそら-あけぼののそら-あけやすいころ-あめのさびしさ-あめのつれづれ-つきのありあけのころ-ありあけのそら-ありあけのつき-いけのふじなみ-おもかげにたつ-かたしきのそで-かえるさのみち-かおるたちばな-くさのいお-くものおちかた-さみだれのころ-しげるこずえ-すぎのこずえ-すぎるむらさめ-そそぎすてる-いまわとつきがかたむく-つきのさびしさ-におうたちばな-のきのたちばな-のちのたちばな-はなたちばな-ふねさしとめる-みじかよのそら-むらさめすぎる-むらさめがふる-むらさめのくも-むらさめのそら-やまのゆうぐれのそら-ながめるゆうぐれのそら-ゆめかうつつか-おちのとおやま-くさのまくらのあかつき-くらはしやま-こずえのふじのたそがれ-まくらくるしい
1292,ほととぎす,ほととぎすなく,なる
1293,ほととぎす,ほととぎすのひとこえ,はるのうぐいす
1294,ほととぎす,ほととぎすまくらのいずちすぎる,しずかなあめ
1295,ほととぎす,まつほととぎす,みじかよのつき
1296,ほととぎす,やまのほととぎす,みじかよのつき
1297,ほととぎす,やまほととぎす,あけやらない-あさみどり-あめはれる-ありあけ-かたおかのもり-このもと-はるすぎる-はなたちばな-はなちる-みじかよ-むらさめ-よわのつき-ふねにあかしのとまり-うぐいす-たちばな-はなさく-はなたちばな-はるくれる-みねこえる
1298,ほととぎす,ゆくほととぎす,そら
1299,ほととぎす,わけるほととぎす,ねざめのあかつきのやま
1300,ほど,ほどがしられる,いいしばかりにあき
1301,ほのか,ほのか,あきのはつかぜ-ところどころ
1302,ほのか,ほのかなきり,ころもうつおと
1303,ま,かぜのまにまに,くれるひ-なみかえる
1304,ま,なみのまにまに,ねざめがち
1305,ま,まつあいだ,ほととぎす
1306,まい,まいのそで,おばしまのおく
1307,まえ,まえわたり,さとのくさかり
1308,まがき,きりのまがき,あけはなれる
1309,まき,ふねのまきまき,いかがしよう
1310,まくら,あきのたまくら,はなすすき
1311,まくら,かりまくら,ふるさとのゆめ
1312,まくら,くさまくら,しるべおきいづるみち-きけばあらし-ながきよのゆめ-ふるさとのゆめ-ゆめのおもかげ
1313,まくら,たまくらのつき,ゆめさめる
1314,まくら,つゆのたまくら,おみなえし
1315,まくら,にいたまくら,はじかわす
1316,まくら,のにかりまくら,かたしきのゆめ
1317,まくら,ほととぎすまくらのいずちすぎる,しずかなあめ
1318,まくら,まくらさだめない,つきをみる
1319,まくら,まくらのうえ,つきのさやけさ
1320,まくら,まくらのゆめ,かりのこえ-ねるほととぎす
1321,まくら,ゆめのかりまくら,つきにいくたび-むさしののはら
1322,まくら,わかくさまくら,あきふける
1323,まさご,まさごはら,ことのはのみち
1324,まつ,あめをまつ,ときすぎるほととぎす
1325,まつ,いわがねのまつ,いそにふねにひぐれ
1326,まつ,すみよしのまつ,かきのやはたやま
1327,まつ,すみよしのまつとたのむ,あだなみがそでぬらす
1328,まつ,ただまつのかぜ,はつしぐれ
1329,まつ,だれをまつ,ゆうべ-よぶこどり
1330,まつ,つきまつ,かわるよのなか
1331,まつ,まつあいだ,ほととぎす
1332,まつ,まつかぜがふく,くもうく-うい-たのむ
1333,まつ,まつかぜのこえ,つきをみる-はなちる
1334,まつ,まつのひとむら,よがあける
1335,まつ,まつのひともと,みののおやま
1336,まつ,まつのふじなみ,つきいでる-ほととぎす
1337,まつ,まつふくかぜ,ちるはな
1338,まつ,まつほととぎす,みじかよのつき
1339,まつ,まつみえる,かえるかりがね
1340,まつ,まつをたよりに,たちかえる
1341,まつ,やまのまつかぜ,しばのいお-なかなか
1342,まつむし,だれをまつむしのなく,とうひともあらしのやまのあきのくれ
1343,まつむし,まつむしがなく,くさのはら-あきのくれ
1344,まつむし,まつむしのこえ,あらしのやま-つきのよ-なる-むらすすき
1345,まつむし,まつむしほのめく,あきのすずしさ
1346,まつり,おおはらまつり,はるのみやびと
1347,まつり,まつりするかみ,もりのこがくれ
1348,まど,こころがまどのうち,ともしびのかげ
1349,まど,まどをひらく,なつごろも
1350,まどい,まどいする,そでのかずかず
1351,まぼろし,まぼろし,こころづかい
1352,み,かぜがみにしみる,あきのそら
1353,み,みにしみる,そでにかける-つきさやか
1354,み,みのゆくえ,あかしくらす
1355,み,みをおもう,みよしののおく
1356,み,みをたのむな,いのち
1357,みぎ,ひだりみぎ,こころあらそううた
1358,みず,あきのさわみず,しぎなく
1359,みず,いけみず,こおりとけゆく
1360,みず,いさらいのみず,あけるよ
1361,みず,かけいにうけるみず,ここかしこ
1362,みず,かすみのうちのみずのみなかみ,こととう
1363,みず,さわみずのおと,ふねくだすふしみ
1364,みず,ながれるみず,よしのがわ
1365,みず,みずかげのさびしさ,かえる
1366,みず,みずこえる,なみのうきはし
1367,みず,みずににおうやまぶき,あめはれたはるのくれ
1368,みず,みずのおと,いずこにある
1369,みず,みずのさびあゆ,やなぎかげ
1370,みず,みずのすえみえる,くれるはしのひとすじ
1371,みず,みずのたえだえ,あさごおり
1372,みず,みずのひとすじ,たき
1373,みず,みずはすむ,あけがた
1374,みず,みずはれる,あけのそほぶね
1375,みず,みずひややか,たきのなみ
1376,みず,やまのいのみず,このもと
1377,みだれる,つゆがみだれる,あさぎり
1378,みだれる,つゆにみだれる,とぶほたる
1379,みち,いくえとよらのたけのしたみち,またつきあるゆきのはれる
1380,みち,かえるさのみち,なる
1381,みち,かすみにたどるみち,よぶこどり
1382,みち,かわぞいのみち,あかつき-わたしぶね
1383,みち,きりのしたみち,おとがする
1384,みち,このもとみち,かたしく
1385,みち,さとはなれたみち,かさなる
1386,みち,つきのたびのみち,のちのよのあき
1387,みち,つゆのふるみち,よわのつき
1388,みち,のちのよのみち,やまとうた
1389,みち,みちがほそい,はしのひとすじ
1390,みち,みちたえだえ,ゆきふる
1391,みち,みちである,かけはしのすえ
1392,みち,みちのかけはし,てらのかど-といよる
1393,みち,みちのすえ,たちやすらう
1394,みち,みちのつじうら,まちわびる
1395,みち,みちのひとすじ,はなれごま-ゆきつれる
1396,みち,みちのやすらい,さとのかたわら
1397,みち,やまのしたみち,ほととぎす-さおじかのこえ-しかなく
1398,みつぎ,はこぶみつぎ,くににしたがう-もろこしまでもしたがう
1399,みね,くもかかるみね,はなざかり
1400,みね,みねこえる,はるのかりがね
1401,みね,みねたかい,さおじかのこえ
1402,みね,みねのあきかぜ,かりなく
1403,みね,みねのいお,まつかぜのこえ
1404,みね,みねのかけはし,さるさけぶ
1405,みね,みねのくも,やまほととぎす
1406,みね,みねのしらゆき,のこる
1407,みね,みねのふるでら,はなさく
1408,みね,みねのゆき,としがくれる
1409,みや,いにしえのみや,はなさく
1410,みや,ふるみやのうち,つばくらめ
1411,みやこ,ふるきみやこのはる,うちかすむ
1412,みやこ,みやこがこいしい,なくほととぎす
1413,みやこ,みやこがとおい,あすかかぜ
1414,みやこ,みやこのつきにかえる,くさまくら
1415,みやごと,みやごともない,はながおとろえる
1416,みる,おしんではなをみる,そでのうめのか
1417,みる,おのえのはなをみる,かすみにくれる
1418,みる,つきをみる,あきかぜがふく
1419,みる,みるのもうい,もみじちるころ
1420,むかう,かたるばかりにむかうおもかげ,それでないこえ
1421,むかし,むかし,よもぎうのかげ
1422,むかし,むかしをいまの,ほととぎす
1423,むかし,むかしをおもうなみだ,あきはかなしい-くさのいお
1424,むさしの,とおきむさしの,くさまくら
1425,むし,しげきむしのね,よわのつき
1426,むし,むしなく,きりのしたみち
1427,むし,むしのこえ,あきふける-つゆがみだれる-ひとむらすすき
1428,むし,むしのこえごえ,こはぎはら-ふくかぜ
1429,むし,むしのね,ころもでのつゆ-ふるさとのあき
1430,むし,よわのむしのね,つきにかりまくら
1431,むしろ,さむしろ,なくきりぎりす
1432,むしろ,さむしろのつき,のきのまつ
1433,むね,むねのおもい,わがなみだ
1434,むらさめ,あきのむらさめ,つゆがうい
1435,むらさめ,かぜのむらさめ,ほととぎす
1436,むらさめ,すぎるむらさめ,ほととぎす
1437,むらさめ,はれるむらさめ,ひとこえのほととぎす
1438,むらさめ,ひとむらさめ,なくほととぎす
1439,むらさめ,むらさめ,なけほととぎす-よつのおのこえ
1440,むらさめ,むらさめがたつ,つゆにうつろう
1441,むらさめ,むらさめすぎる,ほととぎす
1442,むらさめ,むらさめのそら,やまのは-ほととぎす
1443,むらさめ,むらさめのはれゆくあとはあらし,ひにわたるふねのさむさ
1444,むれ,うちむれる,そでのいろいろ
1445,めずらしい,きくのもめずらしい,ほととぎす
1446,もしお,かくもしおぐさ,うみのなぎさにまつのはなおちる
1447,もず,もずのくさぐき,はしもみじ
1448,もと,かきのもとつば,みかわみず
1449,もと,かすむやまもと,みなせがわ
1450,もの,なきもの,ふるさとのはる
1451,もの,はるのもののね,あらればしりのよるのつき
1452,もの,ものおもうころ,いかなる-だれがうい
1453,もの,ものがなしき,あかつきづき
1454,もの,ものごと,はるあきのそら
1455,もの,ものさびしい,こえがきこえる
1456,もみじ,はなよもみじよ,やまとうた
1457,もみじ,もみじのにしき,ふるさと
1458,もみじ,もみじば,くむさかずき
1459,もり,かんなびのもり,あきのみむろやま
1460,もり,もりのしたくさ,はなれごま
1461,やしろ,よきのみやしろ,いずこにも
1462,やすらう,はなのかげにやすらう,はるのかえるさ
1463,やど,やどのうめ,のきのうぐいすのこえ
1464,やど,やどのうめのか,うぐいす
1465,やど,やどのゆうぐれ,はなのかげ
1466,やど,やどをかる,むらさめ
1467,やど,やどをとう,おもかげ
1468,やま,あきのやま,とわのふるみや
1469,やま,あけぼののやま,うぐいす-なる-ほととぎす-よこぐも
1470,やま,あらしふくやま,おおいがわかすむ
1471,やま,うしろのやま,みなみはのどか
1472,やま,うつのやま,つたのしたみち
1473,やま,うつのやまごえ,あきのかぜ
1474,やま,おくやまのかげ,うちとけて
1475,やま,おちかたのやま,わたのはら
1476,やま,おちのとおやま,かりなく
1477,やま,おやまだのすえ,しもがれ
1478,やま,おやまだのはら,あきふける
1479,やま,かくれがのやま,うずもれる-すててから-みよしの
1480,やま,かさなるやま,みねのくも
1481,やま,かすむはるのとおやま,ありあけのつき
1482,やま,かすむやまもと,みなせがわ
1483,やま,かつらぎのやま,たえだえ
1484,やま,さくらのかつらぎのやま,あさがすみたつ
1485,やま,しもすさまじいやま,まつあらわれる
1486,やま,ちかいやまざと,おもいやる
1487,やま,とおやまのあき,きのうみ
1488,やま,のこるやまかげ,かえる
1489,やま,はなのやまかぜ,はるになる
1490,やま,はるのやまざと,うぐいす
1491,やま,はるのやまでら,きさらぎのわかれをとう
1492,やま,みよしののやま,のどか
1493,やま,やまがくるしい,おいのさか
1494,やま,やまざくら,かすむあけぼの-はるのまつのえ-ゆくすえのはる
1495,やま,やまざと,あかつきのあめ
1496,やま,やまちかい,はなまちどおい
1497,やま,やまのいのみず,このもと
1498,やま,やまのおく,みねのまつかぜ
1499,やま,やまのかくれが,なる
1500,やま,やまのかげ,すまのうらなみ-はしのひとすじ-まつかぜがふく-みちのかけはし
1501,やま,やまのしたかげ,そよぐあきかぜ
1502,やま,やまのしたみち,ほととぎす-さおじかのこえ-しかなく
1503,やま,やまのはのつき,あきかぜ-あきふける
1504,やま,やまのほととぎす,みじかよのつき
1505,やま,やまのまつかぜ,しばのいお-なかなか
1506,やま,やまぶかい,たにのほそみち
1507,やま,やまほととぎす,あけやらない-あさみどり-あめはれる-ありあけ-かたおかのもり-このもと-はるすぎる-はなたちばな-はなちる-みじかよ-むらさめ-よわのつき-ふねにあかしのとまり-うぐいす-たちばな-はなさく-はなたちばな-はるくれる-みねこえる
1508,やま,やまもと,だれがこえる
1509,やま,やまもとのさと,かけはし
1510,やま,ゆうぐれのやま,ひとぐもり-みねのくも
1511,やまおろし,やまおろし,ふねにすまのうらなみ
1512,やまがつ,やまがつ,あさがおのはな
1513,やまがつ,やまがつのいお,けむりたてそえる
1514,やまと,やまとことのは,もろこし
1515,やまなし,やまなしのはな,おうのうらなみ
1516,やまぶき,きしのやまぶき,かわずなく
1517,やまぶき,みずににおうやまぶき,あめはれたはるのくれ
1518,やよい,やよいのあめ,ほととぎす
1519,ゆう,かすむゆうぐれ,つきので
1520,ゆう,はるのゆうぐれ,つきいでる
1521,ゆう,やどのゆうぐれ,はなのかげ
1522,ゆう,ゆうあらし,いりあいのかね
1523,ゆう,ゆうぐれのくも,しぐれる-ほととぎす-みねこえる
1524,ゆう,ゆうぐれのそら,なる-ほととぎす-やまざと-わがこころ
1525,ゆう,ゆうぐれのやま,ひとぐもり-みねのくも
1526,ゆう,ゆうしぐれ,くものむらむら
1527,ゆう,ゆうすずみ,あきかぜがふく
1528,ゆう,ゆうづくよ,おぼつかない
1529,ゆう,ゆうべ,いりあいのかね
1530,ゆう,ゆうべかぎる,おぎのうわかぜ
1531,ゆう,ゆうまぐれ,いりあいのかね-おぎのうわかぜ
1532,ゆうがお,ゆうがお,たそがれのそら
1533,ゆうがお,ゆうがおのちぎり,たそがれどき
1534,ゆうだち,ゆうだち,なみのおとがすずしい
1535,ゆうだち,ゆうだちのあと,いそぐ-くものとだえにほのめく
1536,ゆうつけどり,ゆうつけどりをきく,ふかいよる
1537,ゆき,うちのゆき,なみのうきふね
1538,ゆき,くさはのこらないゆきのしたおれ,のわきするにわにつき
1539,ゆき,けさのはつゆき,さえさえる-うずみび
1540,ゆき,こしのしらゆき,かえるかりがね
1541,ゆき,すだれをまけばゆき,よもすがら
1542,ゆき,みねのしらゆき,のこる
1543,ゆき,みねのゆき,としがくれる
1544,ゆき,ゆきがふりはれる,さゆるゆうかぜ
1545,ゆき,ゆききえる,うぐいすのこえ-こおりながれる
1546,ゆき,ゆきになる,いそがれる
1547,ゆき,ゆきのあけぼの,やまたかい
1548,ゆき,ゆきのあさあけ,うすがすみ
1549,ゆき,ゆきのうち,ふゆこもるころ
1550,ゆき,ゆきのなかぞら,ふきとふく
1551,ゆくえ,みのゆくえ,あかしくらす
1552,ゆくすえ,おいのゆくすえ,もりのしたくさ
1553,ゆくすえ,かぜのゆくすえ,うえおく
1554,ゆくすえ,つきのゆくすえ,しぐれる
1555,ゆくすえ,ゆくすえのそら,かえるさ-うえおく
1556,ゆめ,いにしえのゆめ,さよまくら
1557,ゆめ,かりのよるのゆめ,あしたのくも
1558,ゆめ,かりふしのゆめ,かねのこえ
1559,ゆめ,ただゆめのうち,まどろむ
1560,ゆめ,はるのよのゆめ,くさまくら
1561,ゆめ,まくらのゆめ,かりのこえ-ねるほととぎす
1562,ゆめ,みじかよのゆめ,しのびづま-なにわのあし
1563,ゆめ,ゆめさめる,やまかぜがふく
1564,ゆめ,ゆめのうきはし,いにしえ-みゆきする-なみだがわ-はるのよ-みねにわかれる
1565,ゆめ,ゆめのおもかげ,とこのうえ
1566,ゆめ,ゆめのかりまくら,つきにいくたび-むさしののはら
1567,ゆめ,よるのゆめ,いにしえのつき
1568,よ,あじけないよ,たのみおく
1569,よ,かわるよのなか,なつごろも
1570,よ,すてるよのなか,わびぬればおもう
1571,よ,のちのよのみち,やまとうた
1572,よ,ひとのこころのかわるよのなか,あきのくれ-あきがくる-あわれ-いろみえる-ういみのとき-おとろえる-そでぬれる-たび-ちぎり-つきをみる-とりどり-はかないはねをならべるとりべやま-はなさく-はなもない-はねをならべるとりべやま-ひとつ-ほととぎす-みをしらない-みをしる-わがうえ
1573,よ,ひとのこころのよのなか,はなをうらむ
1574,よ,よにながらえる,はなのひともと
1575,よ,よのなか,みをやすく
1576,よ,よのならい,よもぎうのかげ
1577,よ,よばかりかかる,つらいたまのお
1578,よ,よをいとう,すみぞめのそで
1579,よき,よきのみやしろ,いずこにも
1580,よこ,たなびくよこぐものそら,つきのこる
1581,よこ,よこぐもかすむ,ゆめのうきはし
1582,よこ,よこぐものそら,はるのよ
1583,よしの,みよしののおく,かげくれる-はなをみる-よぶこどり
1584,よしの,みよしののはな,うぐいすのこえ
1585,よしの,みよしののやま,のどか
1586,よしのがわ,よしのがわのはな,はるすぎる
1587,よど,よどのかわぶね,むらさめ-ほととぎす
1588,よぶこどり,よぶこどり,おぼつかない
1589,よもぎ,よもぎう,たらちねのあと
1590,よもぎ,よもぎうのかげ,きりぎりす
1591,よる,かりのよるのゆめ,あしたのくも
1592,よる,こころをつくすあめのよる,みがおいたほととぎす
1593,よる,つきがかすむよる,くもいをかえるかりがね
1594,よる,ふかいよるのそら,ありあけ
1595,よる,よるくむさかずき,つきのもと
1596,よる,よるのゆめ,いにしえのつき
1597,わかれる,わかれる,いのちである
1598,わかれる,わかれるたびはかなしい,あうひと
1599,わすれる,だれにわすれる,つらい
1600,わすれる,わすれるなよ,わかれである-ほどはくもい
1601,わたす,うちわたす,こまもすすまない
1602,わたる,あきふけわたる,かりなく
1603,わたる,わたるかりがね,ながいよ
1604,われ,われでなくなるのがうい,こけのとのゆうあらし
