,季節,季語,読み仮名,傍題
0,春,藍蒔く,あいまく,藍植う
1,春,青木の花,あおきのはな,花青木
2,春,石蓴,あおさ,川菜
3,春,青饅,あおぬた,
4,春,青麦,あおむぎ,麦青む
5,春,通草の花,あけびのはな,木通の花・花通草
6,春,胡葱,あさつき,糸葱・千本分葱・せんぶき
7,春,朝寝,あさね,
8,春,麻蒔く,あさまく,
9,春,浅蜊,あさり,鬼浅蜊・姫浅蜊・浅蜊舟・浅蜊売・浅蜊汁
10,春,薊,あざみ,花薊
11,春,明日葉,あしたば,
12,春,蘆の角,あしのつの,あしかび・蘆の芽・角組む蘆・蘆の錐
13,春,蘆の若葉,あしのわかば,若蘆
14,春,馬酔木の花,あしびのはな,花馬酔木・あせび・あせみ
15,春,蘆焼く,あしやく,
16,春,アスパラガス,あすぱらがす,松葉独活（まつばうど）
17,春,アズマイチゲ,あずまいちげ,東一華
18,春,東菊,あずまぎく,吾妻菊
19,春,畦塗,あぜぬり,畔塗・塗畦
20,春,暖か,あたたか,ぬくし・春暖
21,春,アネモネ,あねもね,
22,春,虻,あぶ,
23,春,海女,あま,磯人・かつぎ・もぐり・海女の笛
24,春,甘茶,あまちゃ,仏の産湯・五香水・甘茶仏・甘茶寺・灌仏・浴仏
25,春,鮎汲,あゆくみ,
26,春,杏の花,あんずのはな,からももの花・花杏・杏花村
27,春,飯蛸,いいだこ,
28,春,鮊子,いかなご,こうなご・かますご・いかな子舟
29,春,伊勢参,いせまいり,伊勢参宮・伊勢詣・伊勢講・参宮講・抜参・御蔭参
30,春,磯遊び,いそあそび,磯開き・磯祭
31,春,磯竈,いそかまど,磯焚火
32,春,磯巾着,いそぎんちゃく,いしぼたん
33,春,磯菜摘,いそなつみ,
34,春,虎杖,いたどり,さいたづま
35,春,苺の花,いちごのはな,花苺・草苺の花・蛇苺の花
36,春,一の午,いちのうま,
37,春,銀杏の花,いちょうのはな,公孫樹の花・ぎんなんの花
38,春,一輪草,いちりんそう,一花草・裏紅一花
39,春,凍解,いてどけ,凍解く・凍ゆるむ
40,春,犬ふぐり,いぬふぐり,いぬのふぐり
41,春,芋植う,いもうう,
42,春,岩燕,いわつばめ,
43,春,魚島,うおじま,
44,春,萍生ひ初む,うきくさおいそむ,萍生ふ
45,春,鶯,うぐいす,黄鳥・匂鳥・春告鳥・初音・鶯の谷渡り・鶯笛
46,春,鶯菜,うぐいすな,黄鳥菜・小松菜
47,春,鶯餅,うぐいすもち,
48,春,五加木,うこぎ,むこぎ・五加・五加木垣・五加木飯
49,春,海髪,うご,おご・おごのり
50,春,牛蛙,うしかえる,食用蛙
51,春,雨水,うすい,
52,春,薄氷,うすらい,薄氷・春の氷・残る氷
53,春,鷽,うそ,琴弾鳥・照鷽・雨鷽・鷽姫
54,春,独活,うど,芋独活・山独活・もやし独活・独活掘る
55,春,海胆,うに,雲丹・海栗
56,春,苜蓿,うまごやし,クローバ・白詰草
57,春,厩出し,うまやだし,まやだし
58,春,海明け,うみあけ,
59,春,梅,うめ,好文木・花の兄・春告草・野梅・白梅・臥竜梅・豊後梅・枝垂梅・盆梅・老梅・梅が香・梅林・梅園
60,春,梅見,うめみ,観梅・梅見茶屋
61,春,梅若忌,うめわかき,梅若祭・梅若参
62,春,麗か,うららか,うらら・うららけし・うららに・日うらうら・うらうら・麗日（れいじつ）
63,春,うりずん,うりずん,
64,春,瓜坊,うりぼう,
65,春,魞挿す,えりさす,えり場・えり簀
66,春,遠足,えんそく,
67,春,豌豆の花,えんどうのはな,グリンピース・スイートピー
68,春,桜桃の花,おうとうのはな,さくらんぼの花・西洋実桜
69,春,黄梅,おうばい,迎春花
70,春,大石忌,おおいしき,
71,春,小賀玉の花,おがたまのはな,小賀玉・招霊
72,春,オキザリス,おきざりす,はなかたばみ
73,春,翁草,おきなぐさ,
74,春,遅桜,おそざくら,
75,春,苧環の花,おだまきのはな,苧環・いとくり・糸繰草
76,春,御告祭,おつげさい,告知祭・お告げ祭
77,春,落し角,おとしづの,鹿の角落つ・忘れ角
78,春,朧,おぼろ,
79,春,朧月,おぼろつき,月朧・朧夜・朧月夜
80,春,お水取,おみずとり,水取・若狭の井
81,春,御身拭,おみぬぐい,
82,春,蚕,かいこ,蚕・春蚕・捨蚕・桑子・毛蚕・蚕時雨
83,春,開帳,かいちょう,開龕・出開帳・開帳寺
84,春,海棠,かいどう,花海棠・眠花・ねむれる花
85,春,貝寄風,かいよせ,貝寄
86,春,楓の花,かえでのはな,花楓
87,春,楓の芽,かえでのめ,
88,春,蛙,かえる,蛙（かわず）・殿様蛙・赤蛙・土蛙・初蛙・遠蛙（とおかわず）・昼蛙（ひるかわず）・夕蛙（ゆうかわず）・蛙合戦
89,春,帰る雁,かえるかり,帰雁・雁帰る・行く雁・去る雁・雁の別れ
90,春,垣繕ふ,かきつくろう,垣手入れ
91,春,陽炎,かげろう,糸遊・糸子・遊糸・野馬・かぎろひ
92,春,風車,かざぐるま,風車売
93,春,樫の花,かしのはな,花樫
94,春,搗布,かじめ,
95,春,果樹植う,かじゅうう,
96,春,春日祭,かすがまつり,申祭
97,春,霞,かすみ,春霞・朝霞・夕霞・遠霞・薄霞・棚霞・霞む
98,春,数の子製す,かずのこせいす,数の子干す・新数の子
99,春,風光る,かぜひかる,光る風
100,春,片栗の花,かたくりのはな,かたかごの花
101,春,蝌蚪,かと,蛙子・蛙の子・お玉杓子・蛙生る・蝌蚪生る・蝌蚪の紐
102,春,鐘供養,かねくよう,
103,春,花粉症,かふんしょう,
104,春,亀鳴く,かめなく,
105,春,鴨川踊,かもがわおどり,
106,春,髢草,かもじぐさ,雛草・鬘草
107,春,芥菜,からしな,芥子菜
108,春,烏貝,からすがい,
109,春,鴉の巣,からすのす,鳥の巣
110,春,枸橘の花,からたちのはな,からたちの花・枳殻
111,春,蛙の目借時,かわずのめかりどき,目借時
112,春,寒明,かんあけ,寒明ける・寒の明け
113,春,観潮,かんちょう,渦見・渦潮見・渦見船・観潮船
114,春,雁風呂,がんぶろ,雁供養
115,春,木苺の花,きいちごのはな,もみぢ苺の花・粟苺の花・下り苺の花
116,春,其角忌,きかくき,晋子忌・晋翁忌
117,春,菊根分,きくねわけ,菊分つ・菊植う
118,春,菊の苗,きくのなえ,菊の芽
119,春,細螺,きさご,きしゃご
120,春,如月,きさらぎ,衣更着（きさらぎ）
121,春,雉,きじ,雉子・きぎす・きぎし・雉のほろろ
122,春,雉笛,きじぶえ,
123,春,黄水仙,きずいせん,糸水仙
124,春,北野菜種御供,きたのなたねごく,北野御忌日・天神御忌・梅花祭・梅花御供・道真忌・菜種の神事
125,春,北窓開く,きたまどひらく,
126,春,木流し,きながし,修羅落し・初筏
127,春,木の根明く,きのねあく,根開き
128,春,木の芽和,きのめあえ,山椒和
129,春,木五倍子の花,きぶしのはな,通条花（きぶし）・木五倍子（きぶし）咲く
130,春,球根植う,きゅうこんうう,ダリア植う・百合植う
131,春,旧正月,きゅうしょうがつ,旧正（きゅうしょう）・春節
132,春,競漕,きょうそう,レガッタ
133,春,曲水,きょくすい,曲水の宴・曲水・流觴・盃流し
134,春,虚子忌,きょしき,椿寿忌
135,春,金盞花,きんせんか,常春花・長春花
136,春,金鳳花,きんぽうげ,さんぽうげ・馬の脚形・駒の脚形
137,春,義士祭,ぎしさい,義士祭
138,春,御忌,ぎょき,法然忌・円光忌・御忌詣・御忌参・御忌の寺・御忌の鐘・御忌小袖・弁当始
139,春,茎立,くくだち,くきだち
140,春,枸杞の芽,くこのめ,枸杞芽・枸杞飯
141,春,草の芽,くさのめ,名草の芽
142,春,草餅,くさもち,蓬餅
143,春,草若葉,くさわかば,菊若葉・萩若葉・芭蕉の若葉・罌粟の若葉
144,春,鞍馬の花供養,くらまのはなくよう,鞍馬花会式・花供懺法
145,春,暮の春,くれのはる,暮春・春暮るる・春の果
146,春,クロッカス,くろっかす,
147,春,桑,くわ,桑の芽・芽桑・桑の花
148,春,慈姑掘る,くわいほる,
149,春,桑摘,くわつみ,桑摘女・桑摘唄・桑籠・桑車
150,春,桑解く,くわとく,桑ほどく
151,春,啓蟄,けいちつ,
152,春,華鬘草,けまんそう,華鬘牡丹・けまん・瓔珞牡丹・藤牡丹・鯛釣草
153,春,建国記念日,けんこくきねんび,建国の日・建国祭・紀元節
154,春,憲法記念日,けんぽうきねんび,
155,春,紫雲英,げんげ,蓮華草・げんげん・五形花
156,春,幻氷,げんぴょう,
157,春,光悦忌,こうえつき,
158,春,黄砂,こうさ,霾る・霾・霾ぐもり・霾風・霾天・黄塵・黄砂降る
159,春,紅梅,こうばい,薄紅梅
160,春,氷解,こおりどけ,氷解く・氷消ゆ・解氷・浮氷
161,春,蚕飼,こがい,養蚕・種紙・毛蚕・掃立・蚕の眠り・飼屋・蚕棚・蚕室・蚕籠・捨蚕・蚕飼時
162,春,穀雨,こくう,
163,春,小綬鶏,こじゅけい,
164,春,炬燵塞ぐ,こたつふさぐ,炬燵の名残
165,春,東風,こち,朝東風・夕東風・強東風・雲雀東風・鰆東風・梅東風・桜東風
166,春,こでまりの花,こでまりのはな,小粉団の花・小手毬の花・団子花・すずかけの花
167,春,木の実植う,このみうう,
168,春,木の芽,このめ,芽立ち・芽吹く・芽組む・木の芽時・木の芽雨・木の芽風
169,春,辛夷,こぶし,木筆・山木蘭・幣辛夷・やまあららぎ
170,春,子持鯊,こもちはぜ,
171,春,ゴールデンウィーク,ごーるでんうぃーく,黄金週間
172,春,西行忌,さいぎょうき,円位忌・山家忌
173,春,サイネリア,さいねりあ,シネラリア・蕗菊・富貴菊・蕗桜
174,春,冴返る,さえかえる,凍返る・寒戻る
175,春,囀,さえずり,百千鳥
176,春,佐保姫,さおひめ,
177,春,嵯峨大念仏,さがだいねんぶつ,嵯峨念仏・融通念仏・花念仏・嵯峨大念仏狂言
178,春,嵯峨の柱炬,さがのはしらたいまつ,嵯峨御松明・柱松明
179,春,桜,さくら,彼岸桜・枝垂桜・糸桜・大山桜・大島桜・富士桜・豆桜・霞桜・嶺桜・深山桜・丁子桜・牡丹桜・里桜・染井吉野・朝桜・夕桜・夜桜・若桜・老桜
180,春,桜鰄,さくらうぐい,右斑魚・花うぐひ
181,春,桜貝,さくらがい,花貝・紅貝
182,春,桜蘂降る,さくらしべふる,
183,春,桜草,さくらそう,プリムラ
184,春,桜鯛,さくらだい,花見鯛・乗込鯛・鯛網
185,春,桜漬,さくらづけ,花漬・桜湯
186,春,桜餅,さくらもち,
187,春,栄螺,さざえ,つぶ・挙螺
188,春,挿木,さしき,挿葉・挿芽・挿穂・挿床
189,春,実朝忌,さねともき,
190,春,さより,さより,竹魚・針魚
191,春,鰆,さわら,
192,春,三月,さんがつ,
193,春,三月十日,さんがつとおか,
194,春,三月菜,さんがつな,
195,春,三鬼忌,さんきき,西東忌
196,春,山帰来の花,さんきらいのはな,さるとりいばらの花
197,春,山楂子の花,さんざしのはな,
198,春,山茱萸の花,さんしゅうのはな,春黄金花・さんしゅう・さんしゅうの花
199,春,山椒の芽,さんしょうのめ,芽山椒・きのめ
200,春,座禅草,ざぜんそう,達磨草
201,春,残花,ざんか,残る花・名残の花
202,春,残雪,ざんせつ,雪残る・残る雪・日影雪
203,春,汐干狩,しおひがり,汐干・汐干潟・汐干貝・汐干籠・汐干船
204,春,望潮,しおまねき,潮招
205,春,四月,しがつ,
206,春,四月馬鹿,しがつばか,エイプリルフール・万愚節
207,春,樒の花,しきみのはな,花樒・かうしばの花・樒売
208,春,シクラメン,しくらめん,篝火花
209,春,蜆,しじみ,蜆貝・真蜆・紫蜆・蜆取・蜆舟・蜆掻・蜆売
210,春,蜆汁,しじみじる,
211,春,下萌,したもえ,草萌・草青む・畦青む・土手青む・若返る草・駒返る草
212,春,枝垂桜,しだれざくら,糸桜
213,春,しどみの花,しどみのはな,草木瓜
214,春,芝桜,しばざくら,
215,春,芝桜,しばざくら,花詰草
216,春,芝焼く,しばやく,芝焼・芝火
217,春,霜くすべ,しもくすべ,
218,春,謝肉祭,しゃにくさい,カーニバル・カルナバル
219,春,石鹸玉,しゃぼんだま,
220,春,修二会,しゅにえ,二月堂の行・お松明
221,春,春陰,しゅんいん,
222,春,春菊,しゅんぎく,しゅん蒿・高麗菊・菊菜
223,春,春暁,しゅんぎょう,春の暁・春の曙・春の朝
224,春,春月,しゅんげつ,
225,春,春光,しゅんこう,春の光・春色・春の色・春望
226,春,春社,しゅんしゃ,社日・社日様・社日参・社翁の雨
227,春,春愁,しゅんしゅう,春愁・春愁ふ・春かなし・春思
228,春,春塵,しゅんじん,春の塵・春埃
229,春,春昼,しゅんちゅう,春の昼
230,春,春潮,しゅんちょう,春の潮
231,春,春泥,しゅんでい,春の泥
232,春,春闘,しゅんとう,春季闘争
233,春,春分,しゅんぶん,中日（ちゅうにち）
234,春,春分の日,しゅんぶんのひ,
235,春,春風,しゅんぷう,春の風・春風
236,春,春服,しゅんぷく,春の服・春装
237,春,春眠,しゅんみん,春睡・春の眠り・春眠し
238,春,春雷,しゅんらい,春の雷・初雷・虫出しの雷・虫出し
239,春,春蘭,しゅんらん,ほくろ
240,春,聖霊会,しょうりょうえ,貝の華
241,春,松露,しょうろ,
242,春,昭和の日,しょうわのひ,
243,春,植樹祭,しょくじゅさい,
244,春,白魚,しらうお,しらを・白魚網・白魚舟・白魚漁・白魚汲む・白魚火
245,春,白樺の花,しらかばのはな,樺の花・花かんば
246,春,白子干,しらすぼし,白子・ちりめんじゃこ・ちりめん
247,春,白酒,しろざけ,
248,春,蜃気楼,しんきろう,海市・山市・蜃楼・蜃市・喜見城・かいやぐら・きつねだな
249,春,地虫穴を出づ,じむしあなをいづ,地虫出づ・蟻穴を出づ・蜥蜴出づ
250,春,十三詣,じゅうさんまいり,知恵詣・知恵貰ひ
251,春,受験,じゅけん,受験生・受験期・試験・入学試験・卒業試験・及第・落第・大試験
252,春,受難節,じゅなんせつ,受苦節・受難週
253,春,常楽会,じょうらくえ,
254,春,沈丁花,じんちょうげ,沈丁・丁字・瑞香・芸香
255,春,酸葉,すいば,すかんぽ・酸模（すいば）・すいすい
256,春,杉菜,すぎな,接ぎ松
257,春,杉の花,すぎのはな,
258,春,末黒の芒,すぐろのすすき,焼野の芒・黒生の芒
259,春,鈴懸の花,すずかけのはな,プラタナスの花
260,春,雀の子,すずめのこ,子雀・親雀・黄雀
261,春,雀の巣,すずめのす,
262,春,スターリン忌,すたーりんき,
263,春,巣立鳥,すだちどり,巣立
264,春,巣箱,すばこ,
265,春,菫,すみれ,菫草・花菫・香菫・相撲取草・相撲花・一夜草・一葉草・壷菫・三色菫・パンジー
266,春,李の花,すもものはな,花李
267,春,聖金曜日,せいきんようび,聖金曜・受難日
268,春,誓子忌,せいしき,
269,春,製茶,せいちゃ,茶づくり・茶揉み・焙炉・焙炉場・焙炉師
270,春,清明,せいめい,
271,春,釈奠,せきてん,おきまつり・孔子祭・聖廟忌・釈菜
272,春,芹,せり,根白草・根芹・田芹・芹摘む
273,春,剪定,せんてい,
274,春,先帝祭,せんていさい,先帝会
275,春,薇,ぜんまい,狗背・紫蕨・おに蕨・いぬ蕨
276,春,早春,そうしゅん,初春・春の初め
277,春,卒業,そつぎょう,卒業生・卒業式・卒業期・卒業証書・卒業歌
278,春,蚕豆の花,そらまめのはな,
279,春,田打,たうち,春田打・田を打つ・田を返す・田を鋤く
280,春,鷹鳩と化す,たかはととかす,鷹化して鳩と為る（たかかしてはととなる）
281,春,高山祭,たかやままつり,高山春祭・山王祭
282,春,耕,たがやし,耕す・春耕・耕人・耕馬・耕牛・馬耕・耕耘機
283,春,多喜二忌,たきじき,多喜二の忌
284,春,啄木忌,たくぼくき,
285,春,竹の秋,たけのあき,竹秋
286,春,凧,たこ,紙鳶・いかのぼり・宇凧・絵凧・奴凧・切凧・懸凧・はた
287,春,立子忌,たつこき,
288,春,達治忌,たつじき,
289,春,田螺,たにし,田螺鳴く・田螺取
290,春,種芋,たねいも,芋種・種薯・芋の芽
291,春,種選,たねえらび,種選り
292,春,種浸し,たねひたし,種かし・種ふて・種つける・種ふせる・籾つける・種井・種俵・種池
293,春,種蒔,たねまき,種下し・播種・籾蒔く
294,春,種物,たねもの,物種・花種・種物屋・種売・種袋
295,春,たらの芽,たらのめ,たらめ・多羅の芽
296,春,蒲公英,たんぽぽ,鼓草・藤菜・蒲公英の絮
297,春,大根の花,だいこんのはな,花大根（だいこ）・種大根
298,春,暖炉納む,だんろおさむ,暖炉外す・ストーブ除く
299,春,萵苣,ちさ,ちしや・かきぢしや・レタス
300,春,遅春,ちしゅん,春遅し・春遅々
301,春,遅日,ちじつ,遅き日・暮遅し・暮かぬる・夕永し
302,春,父子草,ちちこぐさ,
303,春,茶摘,ちゃつみ,一番茶・茶摘時・茶摘女・茶摘唄・茶摘籠・茶摘笠・茶山・茶畑・茶園
304,春,仲春,ちゅうしゅん,春なかば
305,春,チューリップ,ちゅーりっぷ,鬱金香・牡丹百合
306,春,蝶,ちょう,蝶々・胡蝶・初蝶・白蝶・黄蝶・紋白蝶・烏蝶・蝶生る・てふてふ
307,春,接木,つぎき,接穂・砧木・接木苗・芽接・根接
308,春,土筆,つくし,つくづくし・つくしんぼ・筆の花・土筆野・土筆摘む
309,春,黄楊の花,つげのはな,
310,春,蔦の芽,つたのめ,
311,春,蔦若葉,つたわかば,
312,春,躑躅,つつじ,山躑躅・蓮華躑躅・霧島
313,春,角叉,つのまた,
314,春,椿,つばき,山椿・藪椿・白椿・紅椿・乙女椿・八重椿・玉椿・つらつら椿・花椿・散る椿・落椿・五百椿
315,春,椿餅,つばきもち,
316,春,茅花,つばな,白茅の花
317,春,燕,つばめ,乙鳥・玄鳥・つばくら・つばくろ・つばくらめ・飛燕・燕来る・初燕・朝燕・夕燕・里燕
318,春,燕の巣,つばめのす,巣燕
319,春,壷焼,つぼやき,焼栄螺
320,春,摘草,つみくさ,草摘む
321,春,田楽,でんがく,木の芽田楽・田楽豆腐・田楽焼・田楽刺
322,春,東京大空襲忌,とうきょうだいきゅうしゅうき,
323,春,踏青,とうせい,青き踏む
324,春,土佐水木,とさみずき,蝋弁花
325,春,友二忌,ともじき,
326,春,鶏合,とりあわせ,闘鶏・鶏の蹴合・勝鶏・負鶏
327,春,鳥帰る,とりかえる,小鳥帰る・鳥引く・引鳥
328,春,鳥貝,とりがい,
329,春,鳥雲に入る,とりくもにいる,鳥雲に
330,春,鳥曇,とりぐもり,鳥曇・鳥風
331,春,鳥交る,とりさかる,鳥つるむ・孕鳥・鳥の恋
332,春,鳥の巣,とりのす,小鳥の巣・巣組み・巣籠・巣隠・巣鳥・古巣
333,春,満天星の花,どうだんのはな,満天星躑躅
334,春,どんたく,どんたく,松囃子・どんたく囃子
335,春,苗木市,なえぎいち,植木市
336,春,苗木植う,なえぎうう,植林
337,春,苗床,なえどこ,種床・播床・温床・苗障子
338,春,苗札,なえふだ,
339,春,梨の花,なしのはな,花梨
340,春,薺の花,なずなのはな,花薺・三味線草・ぺんぺん草
341,春,菜種梅雨,なたねづゆ,
342,春,雪崩,なだれ,雪なだれ
343,春,夏近し,なつちかし,夏隣る・夏隣る・五月近し
344,春,夏蜜柑,なつみかん,
345,春,菜の花,なのはな,花菜・菜種の花・油菜・菜種菜・花菜雨・花菜風
346,春,菜飯,なめし,
347,春,苗代,なわしろ,苗田・苗代田・種案山子・苗代時・苗代寒
348,春,二月,にがつ,二月尽
349,春,二月礼者,にがつれいじゃ,
350,春,逃げ水,にげみず,逃水
351,春,鰊,にしん,鯡・春告魚・鰊群来・鰊漁・鰊舟・鰊曇
352,春,蜷,にな,みな・河貝子・海蜷・河蜷・蜷の道
353,春,入学,にゅうがく,入学式・入学児・新入生・一年生・入園・進学
354,春,韮,にら,ふたもじ
355,春,接骨木の花,にわとこのはな,たづの花
356,春,蒜,にんにく,葫・ひる・大蒜
357,春,蓴生ふ,ぬなはおう,蓴菜生ふ
358,春,葱坊主,ねぎぼうず,葱の花・葱の擬宝
359,春,ネクタリン,ねくたりん,椿桃・光桃・油桃
360,春,猫の子,ねこのこ,子猫・猫の親・猫の産
361,春,猫の恋,ねこのこい,恋猫・猫交る・うかれ猫・猫の夫・猫の妻・春の猫・孕猫
362,春,猫柳,ねこやなぎ,
363,春,ねぢあやめ,ねぢあやめ,馬藺
364,春,ねぢあやめ,ねぢあやめ,馬蘭
365,春,涅槃会,ねはんえ,涅槃・涅槃の日・仏忌・涅槃像・涅槃絵・涅槃図・涅槃寺・寝釈迦・餅花煎・釈迦の鼻糞・瘠せ馬
366,春,涅槃西風,ねはんにし,涅槃吹・彼岸西風
367,春,根分,ねわけ,菖蒲根分
368,春,野遊び,のあそび,山遊び・野がけ・春遊び・ピクニック
369,春,乗込鮒,のっこみぶな,乗つ込み・初鮒・春の鮒・春鮒釣り
370,春,長閑,のどか,長閑さ・のどけし・のどけさ
371,春,野蒜,のびる,ひる
372,春,上り簗,のぼりやな,
373,春,野焼く,のやく,野焼・野火・草焼く
374,春,海苔,のり,甘海苔・岩海苔・海苔ひび・海苔粗朶・海苔舟・海苔採・海苔掻く・海苔干す
375,春,蠅生る,はえうまる,蠅の子
376,春,萩根分,はぎねわけ,萩植う
377,春,白鳥帰る,はくちょうかえる,
378,春,はこべ,はこべ,はこべら・あさしらげ
379,春,蓮植う,はすうう,
380,春,畑打,はたうち,畑打つ・畑鋤く・畑返す
381,春,畑焼く,はたやく,畑焼・畦焼く・畦焼・畦火
382,春,斑雪,はだれ,斑雪・はだら雪・はだら・はだれ野
383,春,蜂,はち,蜜蜂・女王蜂・働蜂・熊蜂・穴蜂・土蜂・足長蜂・蜂の巣
384,春,八十八夜,はちじゅうはちや,
385,春,初午,はつうま,一の午・二の午・三の午・午祭・稲荷講・福参・験の杉
386,春,初桜,はつざくら,初花
387,春,初蝶,はつちょう,
388,春,花,はな,花盛り・花明り・花影・花時・花過ぎ・花の雨・花の山・花の昼・花の雲・花埃・花便り・花の宿・花片
389,春,花烏賊,はないか,桜烏賊・甲烏賊・真烏賊
390,春,花換祭,はなかえまつり,花換
391,春,花篝,はなかがり,花雪洞
392,春,花曇,はなぐもり,養花天
393,春,花衣,はなごろも,花見衣
394,春,鎮花祭,はなしずめまつり,鎮花祭・花鎮め
395,春,紫荊,はなずおう,すはうばな・花蘇枋・花蘇芳
396,春,花大根,はなだいこん,諸葛菜・大あらせいとう
397,春,花種蒔く,はなだねまく,朝顔蒔く
398,春,花疲れ,はなづかれ,
399,春,花菜漬,はななづけ,
400,春,花韮,はなにら,西洋甘菜（せいようあまな）、スプリングスターフラワー
401,春,花盗人,はなぬすびと,
402,春,花冷え,はなびえ,
403,春,花見,はなみ,観桜・桜狩・花の宴・花筵・花見酒・花見客・花見人・花人
404,春,花守,はなもり,桜守・花の主
405,春,母子草,ははこぐさ,鼠麹草・ははこ・おぎやう・ごぎやう
406,春,蛤,はまぐり,蛤鍋・蒸蛤・焼蛤
407,春,孕雀,はらみすずめ,子持雀
408,春,針供養,はりくよう,針祭る・貼納め・納め針
409,春,春,はる,陽春・芳春
410,春,春浅し,はるあさし,浅き春・浅香
411,春,春暑し,はるあつし,春の暑さ・暑き春
412,春,春袷,はるあわせ,
413,春,春一番,はるいちばん,春二番・春三番
414,春,春大雪,はるおおゆき,
415,春,春惜しむ,はるおしむ,惜春・三月尽・弥生尽・四月尽
416,春,春北風,はるきた,春北風（はるならい）
417,春,春キャベツ,はるきゃべつ,
418,春,春炬燵,はるごたつ,春の炬燵
419,春,春雨,はるさめ,春の雨・春霖
420,春,春寒,はるざむ,春寒し・寒き春・春寒（しゅんかん）・料峭（りょうしょう・れうせう）
421,春,春時雨,はるしぐれ,春の驟雨
422,春,春ショール,はるしょーる,
423,春,春田,はるた,春の田・げんげ田・花田
424,春,春たのし,はるたのし,春愉し
425,春,春大根,はるだいこん,三月大根・二年子大根
426,春,春暖炉,はるだんろ,春の暖炉・春ストーブ
427,春,春の霰,はるのあられ,春霰
428,春,春の入江,はるのいりえ,
429,春,春の馬,はるのうま,春の駒・若駒・馬の子・孕馬
430,春,春の海,はるのうみ,春の浜・春の渚・春の磯
431,春,春の落葉,はるのおちば,春落葉
432,春,春の風邪,はるのかぜ,春風邪
433,春,春の鴨,はるのかも,残る鴨
434,春,春の蚊,はるのかも,春蚊・初蚊
435,春,春の雁,はるのかり,残る雁
436,春,春の川,はるのかわ,春川・春江
437,春,春の杭,はるのくい,
438,春,春の草,はるのくさ,春草・芳草・草芳し
439,春,春の雲,はるのくも,春雲
440,春,春の暮,はるのくれ,春の夕・春夕べ
441,春,春の鹿,はるのしか,春鹿・孕鹿
442,春,春の霜,はるのしも,春霜
443,春,春の蟬,はるのせみ,松蟬・春の蝉・松蝉
444,春,春の空,はるのそら,春空・春天
445,春,春の筍,はるのたけのこ,春笋
446,春,春の月,はるのつき,春月・春月夜・春満月
447,春,春の鳥,はるのとり,春禽・貌鳥
448,春,春の波,はるのなみ,春の浪・春濤・春怒濤・春の川波
449,春,春の虹,はるのにじ,初虹
450,春,春の野,はるのの,春野・はるぬ・春郊
451,春,春の蠅,はるのはえ,
452,春,春の日,はるのひ,春日・春日・春日影
453,春,春の灯,はるのひ,春燈・春の燈・春ともし・春の燭
454,春,春の星,はるのほし,春星
455,春,春の水,はるのみず,春水・水の春
456,春,春の霙,はるのみぞれ,春霙
457,春,春の山,はるのやま,春山・春嶺・弥生山・春山辺
458,春,春の闇,はるのやみ,
459,春,春の夕焼,はるのゆうやけ,春夕焼
460,春,春の雪,はるのゆき,春雪・春吹雪・淡雪・沫雪・牡丹雪
461,春,春の夢,はるのゆめ,
462,春,春の夜,はるのよ,春夜・夜半の春
463,春,春の宵,はるのよい,春宵・宵の春
464,春,春の炉,はるのろ,春炉・春囲炉裏・炉塞・炉の名残
465,春,春疾風,はるはやて,春疾風・春嵐・春荒れ・春北風
466,春,春日傘,はるひがさ,
467,春,春火鉢,はるひばち,春火桶
468,春,春深し,はるふかし,春闌く・春更く・春深む
469,春,春祭,はるまつり,
470,春,春めく,はるめく,春動く・春きざす
471,春,春休,はるやすみ,
472,春,春竜胆,はるりんどう,筆竜胆・苔竜胆
473,春,榛の花,はんのはな,榛の花・赤楊の花
474,春,薔薇の芽,ばらのめ,茨の芽
475,春,馬鈴薯植う,ばれいしょうう,
476,春,バレンタインデー,ばれんたいんでー,バレンタインの日
477,春,晩春,ばんしゅん,
478,春,彼岸,ひがん,お彼岸・入彼岸・彼岸過ぎ・彼岸婆
479,春,彼岸会,ひがんえ,彼岸詣・彼岸参・彼岸寺・お中日・彼岸団子・彼岸餅
480,春,彼岸桜,ひがんざくら,
481,春,引鴨,ひきがも,行く鴨・帰る鴨・鴨帰る
482,春,引鶴,ひきづる,鶴帰る・帰る鶴・去る鶴・残る鶴
483,春,蘖,ひこばえ,
484,春,菱餅,ひしもち,
485,春,鹿尾菜,ひじき,鹿尾菜・ひじき刈
486,春,干鱈,ひだら,ほしだら・棒鱈
487,春,羊の毛刈る,ひつじのけかる,羊毛剪る・羊剪毛・剪毛期
488,春,ひとで,ひとで,海星
489,春,人麻呂忌,ひとまろき,人麿忌・人丸忌・人丸祭
490,春,一人静,ひとりしずか,吉野静・まゆはき草
491,春,雛市,ひないち,雛店
492,春,雛納め,ひなおさめ,
493,春,日永,ひなが,永き日・永日・日永し
494,春,雛菊,ひなぎく,長命菊・延命菊・ときしらず・デージー
495,春,雛流し,ひなながし,雛送り・流し雛・捨雛
496,春,雛祭,ひなまつり,雛・ひひな・雛遊び・雛飾・雛人形・内裏雛・官女雛・五人囃・男雛・女雛・紙雛・立雛・土雛・雛壇・雛の調度・雛道具・雛菓子・雛あられ・雛の燈・雛の客・雛の宴・雛の宿・吊し雛
497,春,雲雀,ひばり,告天子・初雲雀・揚雲雀・落雲雀・朝雲雀・夕雲雀・雲雀野・雲雀籠・雲雀笛・叫天子
498,春,ヒヤシンス,ひやしんす,風信子
499,春,ビキニ忌,びきにき,ビキニデー
500,春,風生忌,ふうせいき,艸魚忌・
501,春,風船,ふうせん,風船玉・紙風船・ゴム風船・風船売
502,春,蕗の薹,ふきのとう,蕗の芽・蕗の花・春の蕗
503,春,蕗味噌,ふきみそ,
504,春,藤,ふじ,藤の花・白藤・山藤・藤の房・藤浪・藤棚
505,春,二人静,ふたりしずか,
506,春,復活祭,ふっかつさい,イースター・聖週間・染卵・彩（いろ）卵
507,春,二日灸,ふつかきゅう,二日灸・春の灸
508,春,フリージア,ふりーじあ,
509,春,古草,ふるくさ,
510,春,仏生会,ぶっしょうえ,灌仏会・降誕会・誕生会・浴仏会・花祭・花御堂・花の塔・花亭
511,春,ぶらんこ,ぶらんこ,鞦韆（しゅうせん）・秋千・ぶらんこ・ふらここ・ふらんと・半仙戯・ブランコ
512,春,蛇穴を出づ,へびあなをいづ,蛇出づ
513,春,ヘリオトロープ,へりおとろーぷ,香水木
514,春,遍路,へんろ,お遍路・遍路笠・遍路杖・遍路道・遍路寺・遍路宿・善根宿・四国巡り・一国巡り・島四国
515,春,抱卵期,ほうらんき,抱卵季・鳥の卵・小鳥の卵・雀の卵
516,春,菠薐草,ほうれんそう,
517,春,頬白,ほおじろ,
518,春,干鰈,ほしがれい,
519,春,蛍烏賊,ほたるいか,まついか
520,春,防風摘む,ぼうふうつむ,防風掘る
521,春,木瓜の花,ぼけのはな,花木瓜・緋木瓜・白木瓜・更紗木瓜
522,春,牡丹の芽,ぼたんのめ,
523,春,ボートレース,ぼーとれーす,短艇競漕・競漕・レガッタ
524,春,真菰の芽,まこものめ,若菰・芽張るかつみ・かつみの芽
525,春,鱒,ます,本鱒・川鱒・桜鱒・紅鱒・姫鱒
526,春,松の花,まつのはな,十返りの花・松花粉
527,春,松毟鳥,まつむしり,まつくぐり・菊戴
528,春,馬蛤貝,まてがい,馬刀貝・馬刀
529,春,蝮草,まむしぐさ,蝮蛇草
530,春,豆の花,まめのはな,花豆
531,春,金縷梅,まんさく,銀縷梅・まんさくの花
532,春,御影供,みえいく,御影講・大師忌・空海忌・弘法忌
533,春,水草生ふ,みずくさおう,水草生ふ・藻草生ふ
534,春,水菜,みずな,京菜・壬生菜
535,春,水温む,みずぬるむ,温む水
536,春,三葉芹,みつばせり,みつば
537,春,三椏の花,みつまたのはな,黄瑞香
538,春,緑の週間,みどりのしゅうかん,緑化週間・緑の羽根・植樹祭
539,春,みどりの日,みどりの日,
540,春,水口祭,みなくちまつり,苗代祭・田祭・五十串・水口の幣
541,春,峰入り,みねいり,大峰入・順の峰入・順の峰・入峰
542,春,壬生念仏,みぶねんぶつ,壬生祭・壬生狂言・壬生踊・壬生の鉦・壬生の面
543,春,ミモザの花,みもざのはな,銀葉（ぎんよう）アカシア
544,春,都踊,みやこおどり,
545,春,都忘れ,みやこわすれ,
546,春,茗荷竹,みょうがたけ,
547,春,麦鶉,むぎうずら,
548,春,麦踏,むぎふみ,麦を踏む
549,春,葎若葉,むぐらわかば,
550,春,蒸鰈,むしがれい,柳むし・柳むしがれひ
551,春,睦五郎,むつごろう,むつ・むつ掘る・むつ掛・むつ曳網
552,春,郁子の花,むべのはな,うべの花・常磐あけび
553,春,鳴雪忌,めいせつき,老梅忌・二十日忌
554,春,目刺,めざし,ほほざし
555,春,目貼剥ぐ,めばりはぐ,
556,春,メーデー,めーでー,労働祭・五月祭・メーデー歌・労働歌
557,春,茂吉忌,もきちき,
558,春,木蓮,もくれん,木蘭・紫木蓮・白木蓮・白れん・木蓮華
559,春,海雲,もずく,水雲
560,春,物種蒔く,ものだねまく,胡瓜蒔く・南瓜蒔く・糸瓜蒔く・西瓜蒔く・茄子蒔く
561,春,ものの芽,もののめ,物芽・菖蒲の芽・芍薬の芽
562,春,桃の節句,もものせっく,三月節句・弥生の節句・雛の節句・上巳の節供・桃の日
563,春,桃の花,もものはな,白桃・緋桃
564,春,諸子,もろこ,諸子魚・諸子はえ・初諸子・柳諸子
565,春,八重桜,やえざくら,
566,春,焼野,やけの,焼野原・焼原・末黒野・末黒
567,春,靖国祭,やすくにまつり,招魂祭
568,春,安良居祭,やすらういまつり,安良居・夜洲礼・安良居花・花踊・今宮祭
569,春,寄居虫,やどかり,がうな
570,春,柳,やなぎ,青柳・楊柳・枝垂柳・糸柳・遠柳・川柳・門柳・白楊・杞楊・柳蔭・柳の糸・若柳
571,春,柳の芽,やなぎのめ,芽柳・芽ばり柳
572,春,柳鮠,やなぎはえ,はえ・はや
573,春,屋根替,やねかえ,葺替・屋根葺く
574,春,山桜,やまざくら,
575,春,山吹,やまぶき,面影草・かがみ草・八重山吹・濃山吹・葉山吹
576,春,山吹草,やまぶきそう,草山吹
577,春,山焼く,やまやく,山焼・焼山・山火
578,春,山笑う,やまわらう,笑う山
579,春,弥生,やよい,
580,春,雪囲とる,ゆきがこいとる,雪垣解く・雪除とる・冬構解く・雪吊解く
581,春,雪形,ゆきがた,
582,春,雪しろ,ゆきしろ,雪汁・雪濁り・雪しろ水
583,春,雪解,ゆきどけ,雪解・雪解水・雪解川・雪解風・雪解光・雪解雫・雪解野
584,春,雪の果,ゆきのはて,名残の雪・雪の別れ・別れ雪・忘れ雪
585,春,雪間,ゆきま,雪のひま・雪の絶間・雪間草
586,春,雪虫,ゆきむし,
587,春,雪柳,ゆきやなぎ,小米花
588,春,雪割,ゆきわり,雪切
589,春,雪割草,ゆきわりそう,洲浜草・
590,春,行く春,ゆくはる,春行く・春終る・逝春・春尽く
591,春,山桜桃の花,ゆすらのはな,英桃
592,春,余寒,よかん,残る寒さ
593,春,義仲忌,よしなかき,
594,春,吉野の花会式,よしののはなえしき,吉野の会式・花会式・鬼踊・餅配
595,春,嫁菜,よめな,萩菜・よめがはぎ・嫁菜飯
596,春,蓬,よもぎ,餅草・艾草・さしも草・蓬生・蓬摘む
597,春,ライラック,らいらっく,リラの花
598,春,落花,らっか,散る桜・花吹雪・飛花・花散る・花屑・花の塵・紅雨・花筏
599,春,利休忌,りきゅうき,利久忌・宗易忌
600,春,立春,りっしゅん,春立つ・春来る・立春大吉（りっしゅんだいきち）
601,春,柳絮,りゅうじょ,柳の絮・柳の花・柳絮飛ぶ
602,春,龍天に昇る,りゅうてんにのぼる,竜天に登る
603,春,流氷,りゅうひょう,氷流る・流氷期
604,春,良寛忌,りょうかんき,
605,春,リラ冷え,りらびえ,
606,春,林檎の花,りんごのはな,花林檎
607,春,連翹,れんぎょう,いたちぐさ
608,春,蓮如忌,れんにょき,中宗会・吉崎詣・蓮如輿
609,春,若鮎,わかあゆ,小鮎・鮎の子・上り鮎
610,春,若草,わかくさ,嫩草・初草・新草・若草野
611,春,公魚,わかさぎ,桜魚・公魚漁・公魚舟
612,春,若芝,わかしば,芝萌ゆ・芝青む・春の芝
613,春,若緑,わかみどり,若松・緑立つ・初緑・松の芯・松の緑
614,春,若布,わかめ,和布・若布刈・若布刈舟
615,春,嫩芽,わかめ,
616,春,別れ霜,わかれじも,忘れ霜・霜の名残・霜の別れ・霜の果・晩霜
617,春,山葵,わさび,土山葵・葉山葵・山葵田・山葵沢
618,春,勿忘草,わすれなぐさ,ミヨソティス・藍微塵
619,春,渡り漁夫,わたりぎょふ,漁夫募る・漁夫来る・ヤンシュ来る
620,春,蕨,わらび,早蕨・初蕨・蕨狩・干蕨
621,春,蕨餅,わらびもち,
622,夏,アイスコーヒー,あいすこーひー,アイスティー・冷しコーヒー・冷し紅茶
623,夏,愛鳥週間,あいちょうしゅうかん,バードウィーク・バードデー・鳥の日
624,夏,青蘆,あおあし,青葦・蘆茂る
625,夏,青嵐,あおあらし,風青し・夏嵐
626,夏,葵,あおい,花葵・銭葵・蜀葵（からあおい）・立葵
627,夏,葵祭,あおいまつり,賀茂祭・北祭・賀茂葵・懸葵
628,夏,青梅,あおうめ,梅の実・実梅・小梅
629,夏,青柿,あおがき,柿青し
630,夏,梧桐,あおぎり,梧桐（ごとう）
631,夏,青胡桃,あおくるみ,生胡桃
632,夏,青鷺,あおさぎ,
633,夏,青山河,あおさんが,
634,夏,青山椒,あおさんしょう,
635,夏,青芝,あおしば,夏芝
636,夏,青芒,あおすすき,芒茂る
637,夏,青簾,あおすだれ,簾・竹簾・葭簾・伊予簾・絵簾・板簾・古簾
638,夏,青田,あおた,青田風・青田波・青田道
639,夏,青竹,あおたけ,
640,夏,青畳,あおだたみ,
641,夏,青蔦,あおつた,蔦茂る
642,夏,青唐辛子,あおとうがらし,青唐辛・青蕃椒・葉唐辛子
643,夏,青野,あおの,
644,夏,青葉,あおば,青葉山・青葉風・青葉時雨・青時雨・青葉雨
645,夏,青葉木菟,あおばずく,
646,夏,青葡萄,あおぶどう,
647,夏,青鬼灯,あおほほづき,青酸漿
648,夏,青みどろ,あおみどろ,青味泥（あおみどろ）
649,夏,青桃,あおもも,
650,夏,青林檎,あおりんご,
651,夏,赤鱏,あかえい,えひ・えひ
652,夏,藜,あかざ,しろざ
653,夏,アカシアの花,あかしあのはな,ニセアカシアの花・針槐の花
654,夏,秋近し,あきちかし,秋を待つ・秋隣
655,夏,麻,あさ,大麻・麻の葉・麻刈・麻引・麻の花・麻畠
656,夏,朝顔,あさがお,牽牛花・蕣（あさがお）・朝顔の実・種朝顔
657,夏,朝顔市,あさがおいち,
658,夏,朝曇,あさぐもり,
659,夏,朝凪,あさなぎ,朝凪ぐ
660,夏,朝焼,あさやけ,
661,夏,鯵,あじ,真鯵・室鯵・夕鯵・鯵売
662,夏,紫陽花,あじさい,四葩（よひら）・七変化（しちへんげ）
663,夏,鯵刺,あじさし,鮎刺・鮎鷹
664,夏,東踊,あずまおどり,
665,夏,汗,あせ,汗ばむ・玉の汗・汗疹・汗水・汗みどろ
666,夏,汗拭ひ,あせぬぐい,ハンカチーフ・ハンカチ・汗ふき・汗手拭
667,夏,汗疹,あせも,あせぼ
668,夏,暑し,あつし,暑さ・暑・暑気・炎暑・炎ゆ・熱帯夜
669,夏,穴子,あなご,海鰻・うみうなぎ
670,夏,油照,あぶらでり,脂照
671,夏,雨蛙,あまがえる,枝蛙・青蛙・夏蛙
672,夏,雨乞,あまごい,祈雨・雨の祈
673,夏,甘酒,あまざけ,一夜酒
674,夏,アマリリス,あまりりす,
675,夏,網戸,あみど,網障子
676,夏,飴湯,あめゆ,冷し飴
677,夏,水馬,あめんぼう,あめんぼ・みずすまし・水蜘蛛
678,夏,あやめ,あやめ,渓孫・花あやめ
679,夏,鮎,あゆ,香魚・年魚・鮎の宿
680,夏,鮎釣,あゆつり,鮎漁・囮鮎・鮎釣解禁・川明・鮎狩
681,夏,洗膾,あらひ,洗鯉・洗鱸・洗鯛・生作り
682,夏,荒布,あらめ,黒菜・荒布刈る・荒布干す
683,夏,蟻,あり,山蟻・蟻の道・蟻の塔・蟻塚・蟻の列・蟻の門渡り
684,夏,蟻地獄,ありじごく,あとすざり・擂鉢虫・あとさり虫
685,夏,袷,あわせ,素袷・初袷・綿抜・古袷
686,夏,鮑,あわび,鮑取・鮑海女
687,夏,安居,あんご,夏安居・雨安居・夏げ・一夏・夏行・夏籠・夏断・夏入・結夏・解夏・夏百合・夏書・夏花
688,夏,杏,あんず,杏子・からもも・杏の実
689,夏,誘蛾燈,いうがとう,
690,夏,烏賊釣,いかつり,烏賊釣火・烏賊火・烏賊釣舟
691,夏,藺刈,いかり,藺草刈・藺干す・藺車
692,夏,泉,いずみ,
693,夏,虎杖の花,いたどりのはな,紅虎杖
694,夏,苺,いちご,覆盆子・苺摘み・苺畑・草苺
695,夏,鳶尾草,いちはつ,一八・紫羅傘（いちはつ）
696,夏,厳島管絃祭,いつくしまかんげんさい,厳島祭
697,夏,糸取,いととり,糸引・糸取鍋・糸取女・糸取歌
698,夏,糸蜻蛉,いととんぼ,燈心蜻蛉・とうずみ蜻蛉・とうすみ
699,夏,糸みみず,いとみみず,
700,夏,藺の花,いのはな,藺草・燈心草・燈心草の花・藺田
701,夏,ゐもり,いもり,井守・赤腹
702,夏,岩魚,いわな,嘉魚・巌魚・岩魚釣
703,夏,鵜,う,海鵜・河鵜
704,夏,茴香の花,ういきょうのはな,
705,夏,植田,うえだ,
706,夏,鵜飼,うかい,徒歩鵜・鵜匠・鵜遣・鵜縄・荒鵜・疲れ鵜・鵜籠・鵜舟・鵜篝
707,夏,萍,うきくさ,浮草・根無草・萍の花
708,夏,浮巣,うきす,鳰の浮巣・鳰の巣
709,夏,浮人形,うきにんぎょう,浮いて来い
710,夏,薄翅蜉蝣,うすばかげろう,
711,夏,羅,うすもの,絽・紗・軽羅・薄衣
712,夏,打水,うちみず,水を打つ・水撒き
713,夏,団扇,うちわ,白団扇・絵団扇・渋団扇・古団扇・団扇掛
714,夏,空蟬,うつせみ,蟬の殻・蟬の脱殻
715,夏,靭草,うつぼぐさ,空穂草・夏枯草
716,夏,卯月,うづき,卯の花月
717,夏,独活の花,うどのはな,
718,夏,優曇華,うどんげ,
719,夏,鰻,うなぎ,鰻
720,夏,卯波,うなみ,皐月波
721,夏,卯の花,うのはな,空木の花・花うつぎ・姫うつぎ・山卯木・卯の花垣
722,夏,卯の花腐し,うのはなくたし,
723,夏,海亀,うみがめ,
724,夏,海猫,うみねこ,
725,夏,海の日,うみのひ,海の記念日
726,夏,海開き,うみびらき,
727,夏,海酸漿,うみほおずき,
728,夏,梅酒,うめしゅ,梅酒・梅焼酎
729,夏,梅干,うめぼし,梅干す・梅漬・夜干の梅・干梅・梅筵・梅酢
730,夏,瓜,うり,初瓜・瓜作り・瓜畑
731,夏,瓜の花,うりのはな,
732,夏,瓜番,うりばん,瓜守・瓜小屋・瓜番小屋
733,夏,瓜揉み,うりもみ,瓜揉む・揉瓜・胡瓜揉み
734,夏,漆掻,うるしかき,漆取る
735,夏,雲海,うんかい,
736,夏,えごの花,えごのはな,山苣の花
737,夏,えぞにうの花,えぞにうの花,蝦夷丹生（えぞにう）の花・にうのはな
738,夏,金雀枝,えにしだ,
739,夏,槐の花,えんじゅのはな,花槐
740,夏,炎昼,えんちゅう,夏の昼
741,夏,炎宙,えんちゅう,
742,夏,炎天,えんてん,炎気・炎天下
743,夏,豌豆,えんどう,莢豌豆
744,夏,花魁草,おいらんそう,草夾竹桃
745,夏,扇,おうぎ,扇子・白扇・絵扇・古扇
746,夏,黄蜀葵,おうしょくき,とろろあおい
747,夏,楝の花,おうちのはな,樗の花・花樗・栴檀の花
748,夏,桜桃忌,おうとうき,太宰忌
749,夏,車前草の花,おおばこのはな,大車前・おんばこ・かへるば
750,夏,大山蓮華,おおやまれんげ,天花女
751,夏,大瑠璃,おおるり,瑠璃
752,夏,沖膾,おきなます,
753,夏,沖縄慰霊の日,おきなわいれいのひ,沖縄忌
754,夏,オクラ,おくら,
755,夏,含羞草,おじぎそう,眠草
756,夏,御田植,おたうえ,御田・神植・御田祭
757,夏,落し文,おとしぶみ,鶯のおとし文・時鳥の落し文
758,夏,踊子草,おどりこそう,踊草・踊花
759,夏,お花畑,おはなばたけ,お花畠
760,夏,お化け屋敷,おばけやしき,幽霊・肝試・怪談・百物語
761,夏,沢瀉,おもだか,花慈姑
762,夏,泳ぎ,およぎ,水泳・水練・遊泳・競泳・遠泳・ダイビング・浮輪
763,夏,蚊,か,
764,夏,蚕の上蔟,かいこのあがり,上蔟
765,夏,海水着,かいすいぎ,水着・海水帽・ビキニ・ハイレグ
766,夏,海水浴,かいすいよく,潮浴び・海の家
767,夏,夏期講習会,かきこうしゅうかい,夏期大学
768,夏,燕子花,かきつばた,杜若
769,夏,柿の花,かきのはな,
770,夏,柿若葉,かきわかば,
771,夏,霍乱,かくらん,
772,夏,籠枕,かごまくら,籐枕・陶枕
773,夏,樫若葉,かしわかば,樫茂る・青樫
774,夏,柏餅,かしわもち,
775,夏,河鹿,かじか,河鹿蛙・河鹿笛
776,夏,風薫る,かぜかおる,薫風・薫る風
777,夏,風死す,かぜしす,
778,夏,片蔭,かたかげ,日陰・片かげり
779,夏,蝸牛,かたつむり,蝸牛・ででむし・でんでんむし
780,夏,酢漿の花,かたばみのはな,酢漿草
781,夏,帷子,かたびら,白帷子・染帷子・黄帷子
782,夏,郭公,かっこう,閑古鳥・かつこ鳥
783,夏,河童忌,かっぱき,我鬼忌・龍之介忌
784,夏,鰹,かつお,松魚・鰹釣・鰹船
785,夏,蟹,かに,山蟹・沢蟹・川蟹・磯蟹
786,夏,黴,かび,青黴・毛黴・麹黴・黴の宿・黴の香
787,夏,兜虫,かぶとむし,甲虫　さいかち虫　鍬形
788,夏,南瓜の花,かぼちゃのはな,
789,夏,蟷螂生る,かまきりうまる,蟷螂生る・子かまきり
790,夏,髪洗う,かみあらう,洗ひ髪・髪洗ふ
791,夏,天牛,かみきり,髪切虫・かみきり
792,夏,雷,かみなり,神鳴・雷・いかづち・はたた神・雷鳴・遠雷・軽雷・落雷・雷雨・日雷
793,夏,亀の子,かめのこ,銭亀
794,夏,蚊帳,かや,かや・枕蚊帳・母衣蚊帳
795,夏,蚊帳吊草,かやつりぐさ,
796,夏,蚊遣火,かやりび,蚊遣・蚊火・蚊取線香
797,夏,烏瓜の花,からすうりのはな,
798,夏,鴉の子,からすのこ,烏の子・子烏・親烏
799,夏,空梅雨,からつゆ,旱梅雨
800,夏,軽鳧の子,かるのこ,軽鴨の子
801,夏,川狩,かわがり,投網・川干・毒流し・かへぼり・瀬干し
802,夏,翡翠,かわせみ,川蝉・せうびん・翡翠
803,夏,川蜻蛉,かわとんぼ,おはぐろとんぼ・おはぐろ・かねつけ蜻蛉
804,夏,川開,かわびらき,両国の川開
805,夏,河骨,かわほね,かうほね
806,夏,萱草の花,かんぞうのはな,ひるな・花萱草・忘草・藪萱草
807,夏,干瓢剥く,かんぴょうむく,干瓢干す・新干瓢
808,夏,カーネーション,かーねーしょん,和蘭石竹
809,夏,蛾,が,
810,夏,金銀蓮花,ががぶた,鏡蓋
811,夏,ががんぼ,ががんぼ,蚊蜻蛉・蚊の姥・大蚊
812,夏,額の花,がくのはな,額紫陽花
813,夏,ガタリンピック,がたりんぴっく,
814,夏,がまずみの花,がまずみのはな,莢迷（がまずみ）の花、鎌酸実（がまずみ）の花
815,夏,蒲の穂,がまのほ,蒲の花・蒲・御簾草
816,夏,鑑真忌,がんじんき,
817,夏,岩菲,がんぴ,
818,夏,木苺,きいちご,
819,夏,喜雨,きう,雨喜び
820,夏,胡瓜,きうり,
821,夏,胡瓜の花,きうりのはな,
822,夏,菊挿す,きくさす,菊挿芽・挿菊
823,夏,木耳,きくらげ,
824,夏,鱚,きす,きすご・鱚釣
825,夏,帰省,きせい,帰省子
826,夏,狐の提燈,きつねのちょうちん,宝鐸草の花
827,夏,キャベツ,きゃべつ,甘藍・玉菜・牡丹菜
828,夏,キャンプ,きゃんぷ,キャンピング・テント・バンガロー・キャンプ村・キャンプファイヤー
829,夏,鏡太郎忌,きょうたろうき,
830,夏,夾竹桃,きょうちくとう,桃葉紅（とうようこう）
831,夏,桐の花,きりのはな,花桐
832,夏,金魚,きんぎょ,和金・琉金・蘭鋳・出目金・金魚鉢
833,夏,金魚売,きんぎょうり,金魚すくい
834,夏,金魚草,きんぎょそう,
835,夏,金魚玉,きんぎょだま,金魚鉢
836,夏,祇園祭,ぎおんまつり,祇園会・祇園御霊会・天王祭・山鉾・祇園囃子・祇園太鼓・祇園山笠・鉾祭・鉾立・弦召
837,夏,羊蹄の花,ぎしぎしのはな,野大黄
838,夏,擬宝珠の花,ぎぼうしのはな,花擬宝珠・ぎぼし
839,夏,牛馬冷す,ぎゅうばひやす,牛冷す・馬冷す・牛洗ふ・馬洗ふ
840,夏,行水,ぎょうずい,
841,夏,水鶏,くいな,水鶏笛
842,夏,草いきれ,くさいきれ,草のいきれ
843,夏,草孵蝣,くさかげろう,臭浮蝣
844,夏,草刈,くさかり,朝草刈・草刈女・草刈籠
845,夏,草茂る,くさしげる,茂る草
846,夏,草田男忌,くさたおき,
847,夏,草取,くさとり,草むしり・除草
848,夏,草笛,くさぶえ,
849,夏,草矢,くさや,
850,夏,孔雀草,くじゃくそう,波斯菊・蛇の目草
851,夏,薬玉,くすだま,長命縷・五月玉
852,夏,薬狩,くすりがり,薬猟
853,夏,樟若葉,くすわかば,楠若葉・楠茂る・青楠
854,夏,葛饅頭,くずまんじゅう,葛桜
855,夏,葛水,くずみず,
856,夏,葛餅,くずもち,葛練・葛切
857,夏,梔子の花,くちなしのはな,梔子・山梔子
858,夏,蜘蛛,くも,袋蜘蛛・蜘蛛の囲・蜘蛛の巣・蜘蛛の糸・蜘蛛の子・女郎蜘蛛
859,夏,雲の峰,くものみね,入道雲・積乱雲・雷雲・峰雲
860,夏,海月,くらげ,水母・水月
861,夏,競馬,くらべうま,賀茂の競馬・きそひ馬
862,夏,鞍馬の竹伐,くらまのたけきり,竹伐・竹伐会・蓮華会
863,夏,栗の花,くりのはな,花栗・栗咲く
864,夏,胡桃の花,くるみのはな,花胡桃
865,夏,黒鯛,くろだい,ちぬ・ちぬ釣
866,夏,黒南風,くろはえ,白南風
867,夏,桑の実,くわのみ,桑いちご
868,夏,グラジオラス,ぐらじおらす,唐菖蒲・和蘭あやめ
869,夏,競渡,けいと,ペーロン・ペーロン船・ハーリー・爬竜船
870,夏,罌栗の花,けしのはな,芥子の花・花罌栗・芥子
871,夏,罌栗坊主,けしぼうず,芥子坊主・罌栗の実
872,夏,毛虫,けむし,毛虫焼く
873,夏,螻蛄,けら,
874,夏,健吉忌,けんきちき,
875,夏,夏書,げがき,
876,夏,夏至,げし,
877,夏,蚰蜒,げじげじ,
878,夏,月下美人,げっかびじん,
879,夏,源五郎,げんごろう,
880,夏,げんのしようこ,げんのしようこ,現の証拠・神輿草
881,夏,原爆忌,げんばくき,原爆の日・広島忌・長崎忌
882,夏,鯉幟,こいのぼり,五月鯉・吹流し・矢車
883,夏,紅蜀葵,こうしょくき,もみじあおい（もみぢあふひ）
884,夏,香水,こうすい,掛香
885,夏,蝙蝠,こうもり,かはほり・蚊喰鳥
886,夏,氷水,こおりみず,削氷・かき氷・夏氷・氷小豆・氷苺・氷店
887,夏,金亀子,こがねむし,黄金虫・かなぶん・ぶんぶん・ぶんぶん虫
888,夏,穀象,こくぞう,穀象虫・米の虫
889,夏,苔の花,こけのはな,花苔
890,夏,木下闇,こしたやみ,木の下闇・下闇・青葉闇・木暮・木暮る・木暗し
891,夏,子供の日,こどものひ,
892,夏,木葉木菟,このはずく,仏法僧・声の仏法僧
893,夏,小判草,こばんそう,俵麦
894,夏,駒繋,こまつなぎ,うまつなぎ
895,夏,駒鳥,こまどり,こま
896,夏,米搗虫,こめつきむし,叩頭虫
897,夏,更衣,ころもがえ,衣更ふ
898,夏,昆虫採集,こんちゅうさいしゅう,捕虫網・毒瓶
899,夏,昆布刈る,こんぶかる,昆布干す・昆布船
900,夏,五位鷺,ごいさぎ,
901,夏,五月,ごがつ,五月来る・聖五月
902,夏,ごきぶり,ごきぶり,油虫・ごきかぶり
903,夏,極暑,ごくしょ,酷暑・劫暑
904,夏,胡麻の花,ごまのはな,
905,夏,御来迎,ごらいごう,御来光・円虹
906,夏,鮴汁,ごりじる,
907,夏,サイダー,さいだー,冷しサイダー
908,夏,早乙女,さおとめ,植女・五月女
909,夏,鷺草,さぎそう,
910,夏,桜の実,さくらのみ,実桜
911,夏,さくらんぼ,さくらんぼ,桜桃の実・桜桃
912,夏,皐月,さつき,五月・早苗月
913,夏,さつき,さつき,杜鵑花・皐月・五月躑躅
914,夏,五月富士,さつきふじ,皐月富士・雪解富士・夏富士
915,夏,五月闇,さつきやみ,梅雨闇・夏闇
916,夏,早苗,さなえ,捨苗・苗篭・早苗束・苗運び・早苗取・早苗舟・若苗・玉苗
917,夏,早苗饗,さなぶり,
918,夏,鯖,さば,鯖釣・鯖火
919,夏,仙人掌の花,さぼてんのはな,覇王樹
920,夏,五月雨,さみだれ,五月雨・さみだる
921,夏,晒井,さらしい,井戸替・井戸浚
922,夏,沙羅双樹,さらそうじゅ,
923,夏,沙羅の花,さらのはな,夏椿・あからぎ・さるなめ・姫沙羅
924,夏,松蘿,さるおがせ,猿麻桛、さがりごけ
925,夏,百日紅,さるすべり,百日紅・白さるすべり・さるすべり
926,夏,サルビア,さるびあ,緋衣草
927,夏,サングラス,さんぐらす,
928,夏,三光鳥,さんこうちょう,
929,夏,三光鳥,さんこうちょう,
930,夏,山椒魚,さんしょううお,はんざき
931,夏,三社祭,さんじゃまつり,浅草祭
932,夏,撒水車,さんすいしゃ,
933,夏,三伏,さんぷく,初伏・中伏・末伏
934,夏,サーフィン,さーふぃん,波乗・サーファー・ボードデーリング・水上スキー
935,夏,石榴の花,ざくろのはな,花石榴
936,夏,椎の花,しいのはな,花椎
937,夏,椎若葉,しいわかば,椎茂る・青椎
938,夏,鹿の子,しかのこ,鹿の子・子鹿・親鹿
939,夏,茂り,しげり,茂る・茂み・茂し
940,夏,四十雀,しじゅうから,
941,夏,紫蘇,しそ,赤紫蘇・青紫蘇・花紫蘇
942,夏,滴り,したたり,
943,夏,七月,しちがつ,
944,夏,紙魚,しみ,衣魚・きらら・雲母虫
945,夏,清水,しみず,真清水・山清水・岩清水・苔清水・草清水
946,夏,繍線菊,しもつけ,
947,夏,著莪の花,しゃがのはな,胡蝶花
948,夏,尺蠖,しゃくとり,尺取虫・寸取虫
949,夏,石楠花,しゃくなげ,
950,夏,芍薬,しゃくやく,
951,夏,蝦蛄,しゃこ,
952,夏,秋櫻子忌,しゅうおうしき,喜雨亭忌・紫陽花忌・群青忌
953,夏,修司忌,しゅうじき,寺山忌・修司の忌
954,夏,楸邨忌,しゅうそんき,達谷忌
955,夏,棕櫚の花,しゅろのはな,椶櫚の花
956,夏,焼酎,しょうちゅう,泡盛
957,夏,白菖,しょうぶ,菖蒲・あやめぐさ
958,夏,菖蒲酒,しょうぶざけ,
959,夏,菖蒲葺く,しょうぶふく,菖蒲挿す・軒菖蒲
960,夏,菖蒲湯,しょうぶゆ,菖蒲風呂
961,夏,小満,しょうまん,
962,夏,蟭螟,しょうめい,
963,夏,初夏,しょか,初夏・夏初め・首夏・孟夏
964,夏,暑気中り,しょきあたり,暑さ負け
965,夏,暑気払い,しょきばらい,暑気下し
966,夏,暑中見舞,しょちゅうみまい,土用見舞・夏見舞・残暑見舞
967,夏,白鷺,しらさぎ,
968,夏,白玉,しらたま,氷白玉
969,夏,紫蘭,しらん,
970,夏,代掻く,しろかく,代掻・田掻く・田掻馬・田掻牛・代馬・代牛・田水張る・代田
971,夏,白絣,しろがすり,白地
972,夏,白靴,しろぐつ,
973,夏,新藷,しんいも,走り藷・新じゃが・新馬鈴薯
974,夏,新樹,しんじゅ,
975,夏,新茶,しんちゃ,走り茶・茶詰・古茶
976,夏,新緑,しんりょく,緑さす
977,夏,森林浴,しんりんよく,
978,夏,慈悲心鳥,じひしんちょう,十一
979,夏,馬鈴薯の花,じゃがいものはな,じやがたらの花
980,夏,十薬,じゅうやく,どくだみ・どくだみの花
981,夏,蓴菜,じゅんさい,蓴・蓴の花・蓴採る・蓴舟
982,夏,ジューンドロップ,じゅーんどろっぷ,
983,夏,上布,じょうふ,越後上布・薩摩上布
984,夏,溽暑,じょくしょ,
985,夏,海霧,じり,海霧（かいむ）・海霧（うみぎり）・ガス
986,夏,甚平,じんべい,甚兵衛・じんべ
987,夏,西瓜,すいか,西瓜畑・西瓜番
988,夏,忍冬の花,すいかずらのはな,忍冬
989,夏,水中花,すいちゅうか,酒中花
990,夏,水中眼鏡,すいちゅうめがね,水眼鏡
991,夏,水飯,すいはん,水飯・洗ひ飯・水漬
992,夏,睡蓮,すいれん,ひつじぐさ
993,夏,すぐり,すぐり,カシス・くろすぐり・すぐりの実・グーズベリー・カラント・カーランツ・ふさすぐり
994,夏,鮓,すし,鮨・馴鮓・押鮓・握鮓・早鮓・一夜鮓・巻鮓
995,夏,涼し,すずし,朝涼・夕涼・晩涼・夜涼・涼風
996,夏,篠の子,すずのこ,笹の子・芽笹
997,夏,納涼,すずみ,納涼・門涼み・橋涼み・夕涼み・夜涼み・涼み台・納涼船
998,夏,鈴蘭,すずらん,君影草
999,夏,すててこ,すててこ,
1000,夏,李,すもも,
1001,夏,諏訪の御柱祭,すわのおんばしらまつり,御柱祭・諏訪祭
1002,夏,盛夏,せいか,夏旺ん・真夏・真夏日
1003,夏,石菖,せきしょう,石あやめ
1004,夏,石竹,せきちく,唐撫子
1005,夏,雪渓,せっけい,
1006,夏,蟬,せみ,油蟬・みんみん・熊蟬・にいにい蟬・唖蟬・初蟬・朝蟬・夕蟬・夜蟬・蟬時雨・落蟬・蝉
1007,夏,蝉丸忌,せみまるき,蝉丸祭
1008,夏,セル,せる,
1009,夏,千日草,せんにちそう,千日紅
1010,夏,扇風機,せんぷうき,
1011,夏,宗吾忌,そうごき,
1012,夏,蒼朮を焚く,そうじゅつをたく,をけらたく・うけら焼く
1013,夏,走馬灯,そうまとう,回り灯篭
1014,夏,蚕豆,そらまめ,空豆・はじき豆
1015,夏,ソーダ水,そーだすい,
1016,夏,泰山木の花,たいざんぼくのはな,
1017,夏,大暑,たいしょ,
1018,夏,田植,たうえ,田植笠・田植歌・田植時
1019,夏,多佳子忌,たかこき,
1020,夏,たかし忌,たかしき,牡丹忌
1021,夏,簟,たかむしろ,竹筵・籐筵
1022,夏,滝,たき,瀑・瀑布・飛瀑・滝壷・滝しぶき・滝風・滝道・男滝・女滝・滝見・滝見茶屋
1023,夏,滝浴び,たきあび,滝垢離・滝行・滝行者
1024,夏,薪能,たきぎのう,興福寺の薪能・若宮能・芝能・薪猿楽
1025,夏,滝殿,たきどの,泉殿・釣殿・水殿・水亭
1026,夏,田草取,たぐさとり,田草引く・一番草・二番草・三番草
1027,夏,竹落葉,たけおちば,
1028,夏,竹煮草,たけにぐさ,
1029,夏,竹の皮脱ぐ,たけのかわぬぐ,竹皮を脱ぐ・竹の皮散る・竹の皮
1030,夏,筍,たけのこ,笋・竹の子・たかんな・たかうな
1031,夏,筍飯,たけのこめし,
1032,夏,蛸,たこ,章魚・真蛸・麦藁蛸
1033,夏,蓼,たで,
1034,夏,霊棚,たまだな,
1035,夏,玉葱,たまねぎ,
1036,夏,玉巻く芭蕉,たままくばしょう,芭蕉の巻葉・玉解く芭蕉
1037,夏,玉虫,たまむし,
1038,夏,田水沸く,たみずわく,
1039,夏,端午,たんご,端午の節句・五月の節句・菖蒲の日・初節句
1040,夏,橙の花,だいだいのはな,
1041,夏,ダリア,だりあ,天竺牡丹
1042,夏,竹婦人,ちくふじん,竹夫人・抱籠・添寝籠
1043,夏,父の日,ちちのひ,
1044,夏,縮布,ちぢみふ,縮・白縮・越後縮
1045,夏,粽,ちまき,茅巻・笹粽・粽結ふ
1046,夏,月見草,つきみそう,月見草・待宵草
1047,夏,筑摩祭,つくままつり,鍋祭・鍋冠祭・筑摩鍋
1048,夏,筒鳥,つつどり,
1049,夏,燕の子,つばめのこ,子燕・親燕
1050,夏,梅雨,つゆ,梅雨・黴雨・荒梅雨・梅雨湿り・走り梅雨・迎へ梅雨・送り梅雨・戻り梅雨・青梅雨・梅雨雲・梅雨夕焼
1051,夏,梅雨明,つゆあけ,梅雨の明・梅雨あがる
1052,夏,梅雨寒,つゆさむ,梅雨寒し・梅雨冷
1053,夏,梅雨茸,つゆだけ,梅雨菌（つゆきのこ）
1054,夏,梅雨晴,つゆばれ,五月晴・梅雨晴間
1055,夏,釣忍,つりしのぶ,吊忍
1056,夏,釣堀,つりぼり,箱釣
1057,夏,鉄線花,てつせんか,てつせんかづら・クレマチス・菊唐草
1058,夏,繍毬花,てまりばな,手毬花・おおでまり（おほでまり）・花てまり
1059,夏,天瓜粉,てんかふん,天花粉・汗しらず・シッカロール
1060,夏,石花菜採る,てんぐさとる,天草とる・天草干す
1061,夏,天神祭,てんじんまつり,天満祭・鉾流の神事・川渡御・神輿舟・どんどこ舟・天満の御祓
1062,夏,天道虫,てんとうむし,瓢虫・てんとむし
1063,夏,梯梧の花,でいごのはな,海紅豆（かいこうづ）
1064,夏,出水,でみず,梅雨出水・夏出水
1065,夏,伝教会,でんぎょうえ,最澄忌・伝教大師忌・延暦寺六月会・長講会
1066,夏,籐椅子,とういす,籐寝椅子
1067,夏,玉蜀黍の花,とうもろこしのはな,なんばんの花
1068,夏,通し鴨,とおしがも,
1069,夏,蜥蜴,とかげ,
1070,夏,時の記念日,ときのきねんび,時の日
1071,夏,常磐木落葉,ときわぎおちば,杉落葉・樫落葉・夏落葉
1072,夏,時計草,とけいそう,ぼろんかずら
1073,夏,心太,ところてん,心天・こころぶと
1074,夏,登山,とざん,山登り・登山道・登山口・登山小屋・登山宿・登山杖・登山帽・登山靴・登山電車・ケルン
1075,夏,橡の花,とちのはな,栃の花・栃咲く
1076,夏,飛魚,とびうお,とびを・つばめ魚・あご
1077,夏,とべら,とべら,
1078,夏,海桐の花,とべらのはな,花とべら
1079,夏,トマト,とまと,蕃茄・赤茄子
1080,夏,虎が雨,とらがあめ,虎が涙雨
1081,夏,虎鶫,とらつぐみ,トラツグミ・鵺
1082,夏,虎尾草,とらのお,をかとらのを
1083,夏,蜻蛉,とんぼ,とんぼう・やんま・麦藁とんぼ・塩辛とんぼ
1084,夏,蜻蛉生れる,とんぼうまれる,
1085,夏,泥鰌,どじょう,
1086,夏,泥鰌鍋,どじょうなべ,泥鰌汁・柳川鍋
1087,夏,土用,どよう,土用入・土用太郎・土用三郎・土用明
1088,夏,土用鰻,どよううなぎ,土用丑の日の鰻
1089,夏,土用蜆,どようしじみ,
1090,夏,土用波,どようなみ,土用浪
1091,夏,ナイター,ないたー,ナイトゲーム
1092,夏,名越の祓,なごしのはらえ,御祓・夏越・夏祓・川祓・川社・御祓川・形代・茅の輪・菅貫
1093,夏,茄子,なす,なすび・初茄子・長茄子
1094,夏,茄子漬,なすづけ,なすび漬
1095,夏,茄子苗,なすなえ,
1096,夏,茄子の鴫焼,なすのしぎやき,鴫焼
1097,夏,茄子の花,なすのはな,
1098,夏,菜種刈,なたねかり,菜種干す・菜種打つ・菜種殻・菜殻焚・菜殻火
1099,夏,夏,なつ,三夏・九夏・炎帝・朱夏
1100,夏,夏薊,なつあざみ,
1101,夏,夏帯,なつおび,単帯
1102,夏,夏鴨,なつがも,軽鴨・黒鴨
1103,夏,夏菊,なつぎく,
1104,夏,夏銀河,なつぎんが,
1105,夏,夏草,なつくさ,夏の草・青草
1106,夏,夏桑,なつぐわ,
1107,夏,夏木立,なつこだち,夏木
1108,夏,夏蚕,なつご,二番蚕
1109,夏,夏衣,なつごろも,夏衣・夏着・夏物
1110,夏,夏座敷,なつざしき,
1111,夏,夏座蒲団,なつざぶとん,麻座蒲団・藺座蒲団・革座蒲団
1112,夏,夏芝居,なつしばい,夏狂言・水狂言・土用芝居
1113,夏,夏シャツ,なつしゃつ,白シャツ・開襟シャツ・アロハシャツ
1114,夏,夏足袋,なつたび,単足袋
1115,夏,夏大根,なつだいこん,なつだいこ
1116,夏,夏燕,なつつばめ,
1117,夏,夏手袋,なつてぶくろ,網手袋・レース手袋
1118,夏,夏葱,なつねぎ,刈葱
1119,夏,夏野,なつの,夏野原・青野
1120,夏,夏の暁,なつのあかつき,夏暁・夏の夜明・夏の朝
1121,夏,夏の雨,なつのあめ,夏雨・緑雨
1122,夏,夏の海,なつのうみ,夏の波・夏濤・夏の浜
1123,夏,夏の風邪,なつのかぜ,夏風邪
1124,夏,夏の川,なつのかわ,夏川・夏河原
1125,夏,夏の雲,なつのくも,夏雲
1126,夏,夏の潮,なつのしお,夏潮・青葉潮・青潮
1127,夏,夏の空,なつのそら,夏空・夏の天・夏天
1128,夏,夏の蝶,なつのちょう,夏蝶・梅雨の蝶・揚羽蝶
1129,夏,夏の月,なつのつき,月涼し・梅雨の月
1130,夏,夏の果,なつのはて,夏果つ・夏終る・夏行く・夏尽く・夏惜しむ
1131,夏,夏の日,なつのひ,夏日・夏日影
1132,夏,夏の燈,なつのひ,夏ともし・燈涼し
1133,夏,夏の星,なつのほし,夏星・星涼し・梅雨の星・旱星・麦星
1134,夏,夏の虫,なつのむし,
1135,夏,夏の山,なつのやま,夏山・夏嶺・青嶺
1136,夏,夏の夕,なつのゆう,夏夕・夏の暮
1137,夏,夏の夜,なつのよ,夜半の夏・夏の宵
1138,夏,夏暖簾,なつのれん,麻暖簾
1139,夏,夏萩,なつはぎ,青萩
1140,夏,夏羽織,なつばおり,絽羽織・紗羽織・単羽織・薄羽織
1141,夏,夏袴,なつばかま,絽袴・麻袴・単袴
1142,夏,夏場所,なつばしょ,五月場所
1143,夏,夏服,なつふく,白服・麻服
1144,夏,夏蒲団,なつぶとん,夏衾・麻蒲団・夏掛
1145,夏,夏遍路,なつへんろ,
1146,夏,夏帽子,なつぼうし,夏帽・麦稈帽子
1147,夏,夏めく,なつめく,夏きざす
1148,夏,夏館,なつやかた,夏邸・夏の宿
1149,夏,夏休み,なつやすみ,暑中休み・暑中休暇
1150,夏,夏瘦,なつやせ,夏負け・夏やつれ
1151,夏,夏蓬,なつよもぎ,
1152,夏,夏料理,なつりょうり,
1153,夏,夏炉,なつろ,夏の炉
1154,夏,夏蕨,なつわらび,
1155,夏,鯰,なまず,梅雨鯰・ごみ鯰
1156,夏,蛞蝓,なめくじ,なめくじり・なめくじら
1157,夏,業平忌,なりひらき,在五忌
1158,夏,南天の花,なんてんのはな,花南天
1159,夏,濁り鮒,にごりぶな,
1160,夏,西日,にしび,大西日
1161,夏,虹,にじ,朝虹・夕虹・二重虹
1162,夏,日日草,にちにちそう,日日花
1163,夏,日射病,にっしゃびょう,熱射病
1164,夏,入梅,にゅうばい,梅雨入り・梅雨に入る
1165,夏,韮の花,にらのはな,
1166,夏,捩花,ねじばな,もぢばな・ねぢればな・もぢずり・文字摺草
1167,夏,熱帯魚,ねったいぎょ,闘魚・天使魚
1168,夏,寝冷え,ねびえ,寝冷子
1169,夏,合歓の花,ねむのはな,ねぶの花・花合歓
1170,夏,練供養,ねりくよう,当麻練供養・当麻法事・来迎会・迎接会・曼荼羅会
1171,夏,凌霄の花,のうぜんのはな,凌霄・のうぜんかずら
1172,夏,幟,のぼり,五月幟・座敷幟・初幟
1173,夏,野馬追,のまおい,
1174,夏,蚤,のみ,蚤の跡
1175,夏,羽蟻,はあり,飛蟻
1176,夏,ハイビスカス,はいびすかす,仏桑花・ぼさつばな・琉球むくげ
1177,夏,蠅,はえ,家蠅・五月蠅（さばえ）・青蠅・金蠅・銀蠅
1178,夏,蠅取,はえとり,蠅叩・蠅打・蠅捕器・蠅捕リボン・蠅捕紙・蠅捕瓶
1179,夏,蠅虎,はえとりぐも,蠅捕蜘蛛
1180,夏,蠅除,はえよけ,蠅覆・蠅帳・蠅入らず
1181,夏,博多祇園山笠,はかたぎおんやまかさ,山笠・博多祭
1182,夏,薄暑,はくしょ,薄暑光
1183,夏,白夜,はくや,
1184,夏,箱庭,はこにわ,
1185,夏,箱眼鏡,はこめがね,
1186,夏,葉桜,はざくら,
1187,夏,端居,はしい,夕端居
1188,夏,蓮の浮葉,はすのうきは,浮葉・蓮の葉
1189,夏,蓮の花,はすのはな,はちす・白蓮・紅蓮・蓮華
1190,夏,蓮見,はすみ,蓮見舟
1191,夏,巴旦杏,はたんきょう,
1192,夏,裸,はだか,素裸・丸裸・裸子
1193,夏,跣足,はだし,跣・素足
1194,夏,肌脱,はだぬぎ,片肌脱・諸肌脱
1195,夏,麨,はったい,麦こがし・麦炒粉・麦香煎
1196,夏,初鰹,はつがつお,初松魚
1197,夏,花氷,はなごおり,氷柱
1198,夏,花茣蓙,はなござ,絵茣蓙
1199,夏,花菖蒲,はなしょうぶ,白菖蒲・菖蒲園・菖蒲田
1200,夏,花橘,はなたちばな,橘の花・右近の橘
1201,夏,花火,はなび,煙火・打揚花火・仕掛花火・線香花火・手花火・春花火・遠花火・花火舟・花火見
1202,夏,羽抜鳥,はぬけどり,羽抜鶏
1203,夏,帚木,ははきぎ,ははきぐさ
1204,夏,母の日,ははのひ,
1205,夏,浜豌豆,はまえんどう,
1206,夏,はまごう,はまごう,はまぼう
1207,夏,玫瑰,はまなす,浜梨、玫瑰の実、実玫瑰
1208,夏,浜昼顔,はまひるがお,
1209,夏,浜防風,はまぼうふう,防風
1210,夏,浜木綿の花,はまゆふのはな,浜万年青
1211,夏,鱧,はも,水鱧・鱧の皮
1212,夏,葉柳,はやなぎ,夏柳・柳茂る
1213,夏,ハンカチの花,はんかちのはな,
1214,夏,半夏生,はんげしょう,半夏・半夏雨
1215,夏,半夏生草,はんげしょうぐさ,片白草
1216,夏,半ズボン,はんずぼん,短パン・ショートパンツ
1217,夏,斑猫,はんみょう,道をしえ
1218,夏,ハンモック,はんもっく,吊床・寝網
1219,夏,芭蕉の花,ばしょうのはな,花芭蕉
1220,夏,バナナ,ばなな,
1221,夏,薔薇,ばら,薔薇（そうび）・薔薇園
1222,夏,茨の花,ばらのはな,花茨・野茨の花・花うばら
1223,夏,鷭,ばん,
1224,夏,晩夏,ばんか,季夏・夏深し・晩夏光
1225,夏,万緑,ばんりょく,
1226,夏,パイナップル,ぱいなっぷる,鳳梨（ほうり）・あななす
1227,夏,パセリ,ぱせり,オランダゼリ
1228,夏,パリ祭,ぱりさい,巴里祭・パリー祭
1229,夏,射干,ひおうぎ,桧扇・うばたま
1230,夏,日傘,ひがさ,ひからかさ・絵日傘・パラソル
1231,夏,日雀,ひがら,
1232,夏,蟇,ひきがえる,蟾蜍・蟾・蝦蟇・がまがへる
1233,夏,緋鯉,ひごい,色鯉・白鯉・錦鯉
1234,夏,日盛,ひざかり,日の盛り
1235,夏,菱の花,ひしのはな,
1236,夏,避暑,ひしょ,避暑地・避暑の宿
1237,夏,旱,ひでり,旱天・旱魃・大旱・旱畑・旱田・旱空
1238,夏,単衣,ひとえ,単物
1239,夏,一つ葉,ひとつば,
1240,夏,火取虫,ひとりむし,灯取虫・灯虫・灯蛾・燭蛾・火蛾・蛾
1241,夏,雛罌栗,ひなげし,虞美人草・ポピー・こくりこ・アマポーラ
1242,夏,日向水,ひなたみず,
1243,夏,向日葵,ひまわり,日車・日輪草・天蓋花・天竺葵
1244,夏,姫女菀,ひめじょおん,柳葉姫菊・鉄道草
1245,夏,百日草,ひゃくにちそう,
1246,夏,日焼,ひやけ,潮焼
1247,夏,冷酒,ひやざけ,冷酒・冷し酒
1248,夏,冷し瓜,ひやしうり,瓜冷す・冷し西瓜
1249,夏,冷し中華,ひやしちゅうか,
1250,夏,冷汁,ひやしる,冷や汁・ひやじる
1251,夏,冷索麺,ひやそうめん,冷素麺・索麺冷す
1252,夏,冷麦,ひやむぎ,
1253,夏,冷奴,ひややっこ,冷豆腐・
1254,夏,雹,ひょう,氷雨
1255,夏,氷菓,ひょうか,氷菓子・アイスキャンデー・アイスクリーム・ソフトクリーム
1256,夏,日除,ひよけ,日覆
1257,夏,蛭,ひる,山蛭・馬蛭
1258,夏,昼顔,ひるがお,鼓子草
1259,夏,昼寝,ひるね,午睡・三尺寝・昼寝起・昼寝覚
1260,夏,蛭蓆,ひるむしろ,
1261,夏,枇杷,びわ,枇杷の実
1262,夏,ビーチパラソル,びーちぱらそる,砂日傘・浜日傘・海岸日傘
1263,夏,ビール,びーる,麦酒・黒ビール・生ビール・ビヤホール・ビヤガーデン
1264,夏,風知草,ふうちそう,
1265,夏,風蘭,ふうらん,
1266,夏,風鈴,ふうりん,風鈴売
1267,夏,蕗,ふき,蕗の葉・蕗畑・伽羅蕗
1268,夏,噴井,ふきい,噴井（ふけい）
1269,夏,袋掛,ふくろかけ,
1270,夏,袋角,ふくろづの,鹿の袋角・鹿の若角
1271,夏,不死男忌,ふじおき,甘露忌
1272,夏,富士詣,ふじもうで,富士道者・富士行者・富士禅定・山上詣・富士講・浅間講
1273,夏,太藺,ふとい,
1274,夏,船遊び,ふなあそび,船遊山・遊船・遊び船
1275,夏,船虫,ふなむし,舟虫
1276,夏,船料理,ふなりょうり,生簀船・船生洲・生洲料理
1277,夏,海蘿,ふのり,布海苔・海蘿干す
1278,夏,風炉茶,ふろちゃ,風炉点前
1279,夏,噴水,ふんすい,噴上げ
1280,夏,仏法僧,ぶっぽうそう,姿の仏法僧
1281,夏,蚋,ぶよ,蟆子・ぷよ・ぶゆ
1282,夏,ブーゲンビリア,ぶーげんびりあ,いかだかずら
1283,夏,プール,ぷーる,
1284,夏,糸瓜の花,へちまのはな,
1285,夏,蛇,へび,くちなは・ながむし・青大将・山棟蛇・縞蛇・鳥蛇
1286,夏,蛇苺,へびいちご,
1287,夏,蛇衣を脱ぐ,へびきぬをぬぐ,蛇の衣・蛇の殻・蛇の蛻・蛇皮を脱ぐ
1288,夏,紅花,べにばな,紅の花・紅藍花・紅粉花・末摘花
1289,夏,べら,べら,べら釣
1290,夏,鬼灯市,ほおずきいち,酸漿市・四万六千日・千日詣
1291,夏,朴の花,ほおのはな,厚朴の花・朴散華
1292,夏,穂肥,ほごえ,
1293,夏,干飯,ほしいい,乾飯
1294,夏,干草,ほしくさ,草干す・刈干
1295,夏,帆立貝,ほたてがい,海扇
1296,夏,蛍,ほたる,初蛍・蛍火・源氏蛍・夕蛍・蛍合戦
1297,夏,蛍籠,ほたるかご,
1298,夏,蛍狩,ほたるがり,蛍見・蛍舟
1299,夏,蛍袋,ほたるぶくろ,釣鐘草・提燈花・風鈴草
1300,夏,捕虫類,ほちゅうるい,
1301,夏,布袋草,ほていそう,布袋葵
1302,夏,時鳥,ほととぎす,子規・杜鵑・蜀魂・杜宇・不如帰
1303,夏,鬼灯の花,ほほづきのはな,酸漿の花
1304,夏,穂絮,ほわた,
1305,夏,茅舎忌,ぼうしゃき,
1306,夏,芒種,ぼうしゅ,
1307,夏,孑孒,ぼうふら,ぼうふり・棒振虫
1308,夏,牡丹,ぼたん,ぼうたん・富貴草・白（はく）牡丹・緋牡丹・黒牡丹・牡丹園
1309,夏,ボート,ぼーと,貸ボート
1310,夏,鼓虫,まいまい,まひまひ・水澄
1311,夏,蠛蠓,まくなぎ,めまとひ・糠蚊
1312,夏,甜瓜,まくわうり,真桑
1313,夏,真菰,まこも,真菰刈
1314,夏,松落葉,まつおちば,散松葉
1315,夏,松葉牡丹,まつばぼたん,日照草・爪切草
1316,夏,祭,まつり,夏祭・祭獅子・祭太鼓・祭笛・祭囃子・祭堤燈・祭髪・祭衣・宵宮・夜宮・山車・神輿・渡御・御旅所・祭舟
1317,夏,茉莉花,まつりか,素馨（そけい）・ジャスミン
1318,夏,蝮,まむし,蝮蛇・赤まむし・蝮捕・蝮酒
1319,夏,豆蒔く,まめまく,大豆蒔く・小豆蒔く・豆植う
1320,夏,豆飯,まめめし,
1321,夏,繭,まゆ,新繭・白繭・黄繭・玉繭・繭干す・繭煮る
1322,夏,マンゴー,まんごー,
1323,夏,万太郎忌,まんたろうき,傘雨忌
1324,夏,蜜柑の花,みかんのはな,花蜜柑
1325,夏,短夜,みじかよ,明易し・明早し・明急ぐ
1326,夏,水葵,みずあおい,菜葱・水葱
1327,夏,水遊び,みずあそび,水掛合
1328,夏,水中り,みずあたり,
1329,夏,水機関,みずからくり,水からくり
1330,夏,水貝,みずがい,
1331,夏,水木の花,みずきのはな,花水木・水木咲く
1332,夏,水草の花,みずくさのはな,
1333,夏,水喧嘩,みずげんか,水論・水争
1334,夏,水鉄砲,みずてっぽう,水遊び
1335,夏,水芭蕉,みずばしょう,
1336,夏,水番,みずばん,水番小屋・水守る・水盗む・水盗人
1337,夏,水虫,みずむし,
1338,夏,水羊羹,みずようかん,
1339,夏,溝浚へ,みぞさらへ,堰浚へ・どぶさらひ
1340,夏,蜜豆,みつまめ,餡蜜
1341,夏,緑,みどり,
1342,夏,水無月,みなづき,風待月・常夏月・青水無月
1343,夏,南風,みなみ,南風・南風・南吹く・はえ・大南風・海南風・まぜ・まじ
1344,夏,三船祭,みふねまつり,舟遊祭・扇流し・西祭
1345,夏,蚯蚓,みみず,蚯蚓出づ（ず）
1346,夏,都草,みやこぐさ,黄金花・烏帽子草
1347,夏,茗荷の子,みょうがのこ,茗荷汁
1348,夏,百足,むかで,蜈蚣
1349,夏,麦,むぎ,大麦・小麦・麦の穂・穂麦・麦畑
1350,夏,麦打,むぎうち,麦叩・麦つき・麦埃・麦焼き・
1351,夏,麦刈,むぎかり,麦車
1352,夏,麦扱,むぎこき,麦扱機
1353,夏,麦茶,むぎちゃ,麦湯
1354,夏,麦の秋,むぎのあき,麦秋・麦秋
1355,夏,麦の黒穂,むぎのくろほ,黒穂
1356,夏,麦笛,むぎぶえ,
1357,夏,麦飯,むぎめし,すむぎ
1358,夏,麦稈,むぎわら,麦藁
1359,夏,葎,むぐら,葎茂る・八重葎
1360,夏,虫送り,むしおくり,田虫送・稲虫送・虫追い・虫供養・実盛祭
1361,夏,むしかりの花,むしかりのはな,
1362,夏,虫歯予防デー,むしばよぼうでー,虫歯の日
1363,夏,虫干,むしぼし,虫払・風入れ・土用干・曝書
1364,夏,武者人形,むしゃにんぎょう,五月人形・兜人形・飾兜・武具飾る
1365,夏,村祭,むらまつり,
1366,夏,飯饐る,めしすえる,飯の汗
1367,夏,眼白,めじろ,
1368,夏,目高,めだか,緋目高・白目高
1369,夏,メロン,めろん,マスクメロン・西洋メロン
1370,夏,藻刈,もかり,藻刈舟・刈藻
1371,夏,黐の花,もちのはな,
1372,夏,藻の花,ものはな,花藻
1373,夏,灸花,やいとばな,へくそかづら
1374,夏,灼く,やく,熱砂・熱風・炎熱
1375,夏,矢車菊,やぐるまぎく,矢車草
1376,夏,灼け,やけ,
1377,夏,夜光虫,やこうちゅう,
1378,夏,八束忌,やつかき,仮幻忌
1379,夏,簗,やな,魚簗・簗さす・簗打つ・簗かく・簗瀬
1380,夏,破れ傘,やぶれがさ,
1381,夏,山棟蛇,やまかがし,
1382,夏,山雀,やまがら,
1383,夏,やませ,やませ,山背風・山瀬風
1384,夏,山開,やまびらき,
1385,夏,山法師の花,やまぼうしのはな,山帽子・山桑
1386,夏,天蚕,やままゆ,山繭・山蚕
1387,夏,山女,やまめ,山女釣
1388,夏,楊梅,やまもも,山桃・やまうめ
1389,夏,山桜桃の実,やまもものみ,山桜桃・英桃（ゆすらうめ）・ゆすら
1390,夏,守宮,やもり,壁虎・家守
1391,夏,夕顔,ゆうがお,夕顔の花
1392,夏,夕立,ゆうだち,ゆだち・よだち・白雨・驟雨・夕立雲・夕立風
1393,夏,夕凪,ゆうなぎ,夕凪ぐ
1394,夏,夕端居,ゆうはしい,
1395,夏,夕映,ゆうばえ,
1396,夏,夕焼,ゆうやけ,ゆやけ・夕焼雲・夕焼空
1397,夏,川床,ゆか,床・川床涼み・納涼川床・貴船川床・川床座敷
1398,夏,浴衣,ゆかた,湯帷子・初浴衣・藍浴衣・古浴衣・貸浴衣・宿浴衣
1399,夏,鴨足草,ゆきのした,虎耳草・雪の下
1400,夏,柚子の花,ゆずのはな,柚（ゆ）の花・花柚子
1401,夏,百合,ゆり,鬼百合・姫百合・鹿の百合・山百合・笹百合・白百合・透し百合・鉄砲百合
1402,夏,百合の木,ゆりのき,ユリノキ・百合の樹
1403,夏,余花,よか,
1404,夏,葭切,よしきり,行々子・葦雀
1405,夏,葭簀,よしず,葭簀掛・葭簀小屋・葭簀茶屋
1406,夏,葭戸,よしど,葭障子・簀戸・葭屏風
1407,夏,夜濯,よすすぎ,
1408,夏,夜鷹,よたか,怪鴟・蚊吸鳥
1409,夏,夜焚,よたき,夜焚釣・夜焚舟
1410,夏,ヨット,よっと,ヨットハーバー
1411,夏,夜釣,よづり,夜釣人・夜釣舟
1412,夏,夜盗虫,よとうむし,やたう・よたう
1413,夏,呼子鳥,よぶこどり,
1414,夏,夜振,よぶり,夜振火
1415,夏,夜店,よみせ,
1416,夏,夜の秋,よるのあき,
1417,夏,雷鳥,らいちょう,
1418,夏,辣韮,らっきょう,大韮・らっきょ・薤
1419,夏,辣韮漬,らっきょうづけ,
1420,夏,ラベンダー,らべんだー,
1421,夏,ラムネ,らむね,冷しラムネ
1422,夏,蘭,らん,蘭の花・胡蝶蘭
1423,夏,立夏,りっか,夏立つ・夏に入る・夏来る
1424,夏,竜舌蘭,りゅうぜつらん,
1425,夏,緑蔭,りょくいん,翠蔭（すいいん）
1426,夏,緑夜,りょくや,緑の夜
1427,夏,林間学校,りんかんがっこう,林間学園・臨海学園
1428,夏,縷紅草,るこうそう,るこう
1429,夏,冷房,れいぼう,ルームクーラー
1430,夏,老鶯,ろうおう,老鶯・夏鶯・乱鶯・残鶯
1431,夏,六月,ろくがつ,六月尽
1432,夏,露台,ろだい,バルコニー・バルコン・ベランダ
1433,夏,若楓,わかかえで,楓若葉・青楓
1434,夏,若竹,わかたけ,今年竹・竹の若葉
1435,夏,若葉,わかば,若葉風・若葉雨・若葉寒
1436,夏,病葉,わくらば,
1437,夏,山葵の花,わさびのはな,
1438,夏,棉の花,わたのはな,
1439,秋,藍の花,あいのはな,
1440,秋,青蜜柑,あおみかん,
1441,秋,赤い羽根,あかいはね,愛の羽根
1442,秋,赤蜻蛉,あかとんぼ,あきつ・秋茜
1443,秋,秋,あき,素秋・金秋・三秋・九秋
1444,秋,秋袷,あきあわせ,秋の袷
1445,秋,秋麗,あきうらら,秋麗
1446,秋,秋扇,あきおうぎ,秋扇・秋の団扇・扇置く・捨扇・捨団扇
1447,秋,秋収め,あきおさめ,田仕舞
1448,秋,秋惜しむ,あきおしむ,惜しむ秋
1449,秋,秋風,あきかぜ,秋風・秋の風・金風・爽籟・色なき風・律の風
1450,秋,秋草,あきくさ,秋の草・色草・千草・八千草
1451,秋,秋蚕,あきご,
1452,秋,秋鯖,あきさば,
1453,秋,秋寒し,あきさむし,秋寒
1454,秋,秋時雨,あきしぐれ,秋の時雨
1455,秋,秋簾,あきすだれ,簾納む・簾名残
1456,秋,秋澄む,あきすむ,秋気澄む・澄む秋・空澄む
1457,秋,秋高し,あきたかし,秋高（しゅうこう）・天高し・空高し
1458,秋,秋出水,あきでみず,秋の出水・秋洪水
1459,秋,秋茄子,あきなす,秋茄子・秋の茄子・名残茄子
1460,秋,秋の朝,あきのあさ,秋暁
1461,秋,秋の雨,あきのあめ,秋雨・秋霖・秋黴雨
1462,秋,秋の海,あきのうみ,秋の波・秋の浜
1463,秋,秋の蚊,あきのか,残る蚊・別れ蚊・後れ蚊・蚊の名残
1464,秋,秋の蚊帳,あきのかや,秋蚊帳・かやの果・かやの別れ・九月蚊帳・蚊帳の名残
1465,秋,秋の川,あきのかわ,秋川・秋江
1466,秋,秋の雲,あきのくも,秋雲（あきぐも）
1467,秋,秋の暮,あきのくれ,秋の夕べ・秋の夕暮
1468,秋,秋の声,あきのこえ,秋声
1469,秋,秋の潮,あきのしお,秋潮
1470,秋,秋の霜,あきのしも,秋霜・露霜・水霜
1471,秋,秋の蟬,あきのせみ,秋蟬・残る蟬
1472,秋,秋の空,あきのそら,秋空（あきぞら）・秋の天・秋天
1473,秋,秋の田,あきのた,秋田・田の色・稔田・稲田
1474,秋,秋の蝶,あきのちょう,秋蝶
1475,秋,秋の七草,あきのななくさ,
1476,秋,秋の虹,あきのにじ,秋虹
1477,秋,秋の野,あきのの,秋野・秋郊・秋の原
1478,秋,秋の蠅,あきのはえ,残る蝿
1479,秋,秋の蜂,あきのはち,残る蜂
1480,秋,秋の日,あきのひ,秋日・秋日影・秋日差・秋の日入・秋没日
1481,秋,秋の灯,あきのひ,秋灯・秋の燈・秋燈・秋ともし
1482,秋,秋の昼,あきのひる,
1483,秋,秋の蛍,あきのほたる,秋蛍・残る蛍・病蛍
1484,秋,秋の水,あきのみず,秋水・水の秋
1485,秋,秋の山,あきのやま,秋山・秋嶺・秋の峰・山澄む・山粧ふ・山の秋
1486,秋,秋の夕焼,あきのゆうやけ,秋夕焼・秋の夕映
1487,秋,秋の夜,あきのよる,秋の夜・秋夜・秋の宵・夜半の秋
1488,秋,秋晴,あきばれ,秋の晴・秋日和
1489,秋,秋彼岸,あきひがん,後の彼岸
1490,秋,秋深し,あきふかし,深秋・秋さぶ・秋闌・秋更くる・秋深む
1491,秋,秋遍路,あきへんろ,
1492,秋,秋蒔,あきまき,菜種蒔く・大根蒔く・芥菜蒔く・蚕豆蒔く・豌豆蒔く・罌粟蒔く・紫雲英蒔く
1493,秋,秋祭,あきまつり,里祭・村祭・浦祭・在祭
1494,秋,秋繭,あきまゆ,
1495,秋,秋めく,あきめく,秋づく
1496,秋,通草,あけび,通草の実
1497,秋,朝寒,あささむ,朝寒し
1498,秋,蘆刈,あしかり,蘆刈る・刈蘆・蘆舟・蘆火
1499,秋,蘆の花,あしのはな,蘆の穂・蘆の穂絮・蘆・蘆原・蘆洲・葭
1500,秋,小豆,あずき,新小豆
1501,秋,温め酒,あたためざけ,温め酒
1502,秋,天の川,あまのがわ,銀河・銀漢・星河
1503,秋,粟,あわ,粟の穂・粟畑
1504,秋,阿波踊,あわおどり,
1505,秋,生身魂,いきみたま,生御魂（いきみたま）・生盆（いきぼん）・蓮の飯
1506,秋,幾秋,いくあき,
1507,秋,十六夜,いざよい,十六夜の月・いざよふ月・既望
1508,秋,一位の実,いちいのみ,あららぎ・おんこ
1509,秋,無花果,いちじく,
1510,秋,銀杏散る,いちょうちる,
1511,秋,銀杏黄葉,いちょうもみじ,
1512,秋,一遍忌,いっぺんき,遊行忌
1513,秋,竃馬,いとど,かまどうま・かまどむし
1514,秋,蝗,いなご,螽・稲子・螽採
1515,秋,稲雀,いなすずめ,
1516,秋,稲妻,いなずま,稲光・稲つるび
1517,秋,犬蓼,いぬたで,赤のまんま・赤のまま
1518,秋,稲,いね,初穂・稲穂・陸穂・粳・糯・稲田・稲の秋
1519,秋,稲刈,いねかり,稲刈る・田刈・刈稲・稲束・稲車・稲舟
1520,秋,稲扱き,いねこき,稲打ち・脱穀・稲埃
1521,秋,稲の花,いねのはな,
1522,秋,牛膝,いのこづち,
1523,秋,猪,いのしし,しし・野猪
1524,秋,茨の実,いばらのみ,野茨の実・野ばらの実
1525,秋,佞武多,いぶた,
1526,秋,佞,いぶた,
1527,秋,居待月,いまちづき,座待月・居待・十八夜の月
1528,秋,芋,いも,里芋・親芋・子芋・八頭・芋畑
1529,秋,芋嵐,いもあらし,
1530,秋,芋煮会,いもにかい,芋煮
1531,秋,芋虫,いもむし,
1532,秋,色変へぬ松,いろかえぬまつ,
1533,秋,色鳥,いろどり,
1534,秋,鰯,いわし,鰮・真鰯
1535,秋,鰯雲,いわしぐも,鱗雲・鯖雲・巻積雲
1536,秋,鰯引く,いわしひく,鰯干す・鰯網・鰯船
1537,秋,隠元豆,いんげんまめ,花ささげ・千石豆・味豆
1538,秋,雨月,うげつ,雨名月・雨の月・月の雨
1539,秋,鬱金の花,うこんのはな,
1540,秋,薄紅葉,うすもみじ,
1541,秋,大秦の牛祭,うずまさのうしまつり,牛祭
1542,秋,鶉,うづら,鶉篭
1543,秋,馬追,うまおい,すいっちょ・すいと・馬追虫
1544,秋,馬肥ゆる,うまこゆる,秋の馬・秋の駒
1545,秋,梅擬,うめもどき,落霜紅・梅嫌
1546,秋,末枯,うらがれ,末枯るる
1547,秋,盂蘭盆会,うらぼんえ,盂蘭盆・盆・新盆・魂祭・精霊祭・魂棚・霊棚・盆供・瓜の牛・瓜の馬・茄子の牛・茄子の馬
1548,秋,漆紅葉,うるしもみじ,
1549,秋,浮塵子,うんか,ぬかばへ・こぬかむし
1550,秋,運動会,うんどうかい,秋季運動会
1551,秋,エイサー,えいさー,
1552,秋,枝豆,えだまめ,月見豆
1553,秋,狗尾草,えのころぐさ,猫じゃらし
1554,秋,蝦蔓,えびづる,えびづる・えびかづら
1555,秋,楝の実,おうちのみ,栴檀の実・樗の実・金鈴子
1556,秋,苧殻,おがら,麻殻
1557,秋,荻,おぎ,荻の風・荻の声・荻原
1558,秋,晩稲,おくて,
1559,秋,白粉花,おしろいばな,おしろいの花・花白粉・おしろい
1560,秋,落鮎,おちあゆ,錆鮎・渋鮎・下り鮎・子持鮎・秋の鮎
1561,秋,落穂,おちぼ,落穂拾ひ
1562,秋,男郎花,おとこえし,をとこめし
1563,秋,落し水,おとしみず,水落す・田水落す・堰外す
1564,秋,囮,おとり,囮番・囮守・囮篭
1565,秋,踊,おどり,盆踊・踊子・踊笠・踊太鼓・踊唄・踊櫓
1566,秋,鬼貫忌,おにつらき,槿花扇忌
1567,秋,尾花蛸,おばなたこ,
1568,秋,女郎花,おみなえし,をみなめし
1569,秋,万年青の実,おもとのみ,
1570,秋,面輪板,おもわいた,星の貸物・貸し小袖
1571,秋,貝割菜,かいわりな,貝割れ菜
1572,秋,案山子,かがし,かかし・捨案山子
1573,秋,柿,かき,甘柿・渋柿・富有柿・木守柿
1574,秋,柿紅葉,かきもみじ,
1575,秋,懸巣,かけす,樫鳥・橿鳥
1576,秋,蜉蝣,かげろう,
1577,秋,樫の実,かしのみ,
1578,秋,鰍,かじか,石伏・石斑魚・川をこぜ・ぐず
1579,秋,梶の葉,かじのは,
1580,秋,風の盆,かぜのぼん,おわら祭・八尾の廻り盆
1581,秋,門火,かどび,迎火・送火・魂迎・魂送・苧殻焚く・苧殻火
1582,秋,鉦叩,かねたたき,
1583,秋,鹿火屋,かびや,鹿火屋守
1584,秋,南瓜,かぼちゃ,たうなす・なんきん・ぼうぶら・鹿ヶ谷南瓜
1585,秋,蟷螂,かまきり,たうらう・鎌切・斧虫・疣毟・いぼむしり
1586,秋,萱,かや,萱の穂・萱原
1587,秋,萱刈る,かやかる,
1588,秋,榧の実,かやのみ,
1589,秋,烏瓜,からすうり,
1590,秋,雁,かり,雁・かりがね・真雁・菱喰・初雁・雁渡る・雁来る・雁の列・雁の棹・雁行・雁の声・落雁
1591,秋,刈田,かりた,刈田道・刈田嵐
1592,秋,雁渡し,かりわたし,青北風
1593,秋,榠櫨の実,かりんのみ,花梨の実
1594,秋,刈萱,かるかや,めがるかや・をがるかや
1595,秋,邯鄲,かんたん,
1596,秋,竿燈,かんとう,
1597,秋,カンナ,かんな,花カンナ
1598,秋,寒露,かんろ,
1599,秋,桔梗,ききょう,きちかう
1600,秋,菊,きく,菊の花・隠君子・千代見草・白菊・黄菊・大菊・小菊・初菊・厚物咲・懸崖菊・菊畑・菊の宿・菊作り・菊日和
1601,秋,菊供養,きくくよう,
1602,秋,菊膾,きくなます,
1603,秋,菊人形,きくにんぎょう,菊師・菊人形展
1604,秋,菊枕,きくまくら,
1605,秋,鬼城忌,きじょうき,
1606,秋,啄木鳥,きつつき,けら・けらつつき・赤げら・青げら
1607,秋,衣被,きぬかつぎ,
1608,秋,絹雲,きぬぐも,巻雲
1609,秋,砧,きぬた,碪・砧打つ・衣打つ
1610,秋,茸,きのこ,菌・茸・茸飯・舞茸・ひら茸
1611,秋,黍,きび,黍の穂・黍畑
1612,秋,黍嵐,きびあらし,芋嵐
1613,秋,休暇明け,きゅうかあけ,休暇果つ・二学期
1614,秋,凶作,きょうさく,不作・凶年
1615,秋,去来忌,きょらいき,
1616,秋,霧,きり,朝霧・夕霧・夜霧・山霧・川霧・狭霧・霧襖・霧雨・濃霧・霧笛
1617,秋,螽蟖,きりぎりす,ぎす・機織
1618,秋,桐の実,きりのみ,
1619,秋,桐一葉,きりひとは,一葉・一葉落つ
1620,秋,金柑,きんかん,
1621,秋,銀杏,ぎんなん,銀杏の実
1622,秋,九月,くがつ,
1623,秋,九月尽,くがつじん,秋尽く
1624,秋,枸杞の実,くこのみ,枸杞子
1625,秋,臭木の花,くさぎのはな,常山木の花
1626,秋,臭木の実,くさぎのみ,常山木の実
1627,秋,草の市,くさのいち,草市・盆市・手向の市
1628,秋,草の花,くさのはな,千草の花
1629,秋,草の穂,くさのほ,穂草・草の絮・草の穂絮
1630,秋,草の実,くさのみ,
1631,秋,草雲雀,くさひばり,朝鈴・金雲雀
1632,秋,草紅葉,くさもみじ,草の綿・色づく草
1633,秋,薬掘る,くすりほる,薬採る・薬草掘る・千振引く・茜掘る
1634,秋,葛,くず,真葛・真葛原・葛の葉
1635,秋,葛の花,くずのはな,
1636,秋,葛掘る,くずほる,葛引く・葛根掘る
1637,秋,崩れ梁,くずれやな,
1638,秋,下り梁,くだりやな,秋の梁
1639,秋,梔子の実,くちなしのみ,山梔子
1640,秋,轡虫,くつわむし,がちやがちや
1641,秋,九年母,くねんぼ,香燈・くねぶ
1642,秋,鞍馬の火祭,くらまのひまつり,火祭・鞍馬祭・靱大明・神祭
1643,秋,栗,くり,山栗・柴栗・毬栗・笑栗・落栗・虚栗・焼栗
1644,秋,栗虫,くりむし,栗の虫
1645,秋,栗飯,くりめし,栗おこは
1646,秋,胡桃,くるみ,姫胡桃・鬼胡桃・胡桃割る
1647,秋,暮の秋,くれのあき,秋暮るる・暮秋・秋の末
1648,秋,茱萸,ぐみ,秋茱萸
1649,秋,鶏頭,けいとう,鶏頭花
1650,秋,敬老の日,けいろうのひ,老人の日・としよりの日
1651,秋,螻蛄鳴く,けらなく,おけら鳴く・地虫鳴く
1652,秋,芸術祭,げいじゅつさい,
1653,秋,解夏,げげ,夏明・夏の果・仏歓喜日・送行・夏書納
1654,秋,源義忌,げんよしき,秋燕忌
1655,秋,柑子,こうじ,柑子蜜柑
1656,秋,黄葉,こうよう,黄葉
1657,秋,黄落,こうらく,黄落期
1658,秋,蟋蟀,こおろぎ,蛬・こほろぎ・ちちろ・ちちろ虫・つづれさせ
1659,秋,古酒,こしゅ,古酒
1660,秋,コスモス,こすもす,秋桜・おほはるしやぎく
1661,秋,小鳥狩,ことりがり,小鳥網・霞網・鳥屋師・ひるてん・高はご
1662,秋,木の実,このみ,木の実落つ・木の実降る・木の実雨・木の実独楽
1663,秋,細杷,こまざらい,
1664,秋,牛蒡引く,ごぼうひく,牛蒡掘る
1665,秋,胡麻,ごま,
1666,秋,西鶴忌,さいかくき,
1667,秋,皀角子,さいかち,さいかちの実・皀莢
1668,秋,桜紅葉,さくらもみじ,
1669,秋,鮭,さけ,初鮭・鮭漁・鮭打ち・鮭小屋
1670,秋,ささげ,ささげ,十六ささげ・十八ささげ
1671,秋,甘藷,さつまいも,薩摩薯・琉球藷・甘藷（かんしょ）
1672,秋,サフラン,さふらん,泪夫藍（さふらん）
1673,秋,猿酒,さるざけ,ましら酒
1674,秋,爽やか,さわやか,爽気・秋爽・爽涼・さやけし・さやか
1675,秋,珊瑚樹の実,さんごじゅのみ,珊瑚の実
1676,秋,山椒売,さんしょううり,
1677,秋,山椒の実,さんしょうのみ,実山椒
1678,秋,秋刀魚,さんま,さいら・初さんま
1679,秋,石榴,ざくろ,柘榴・実石榴
1680,秋,残菊,ざんぎく,残り菊・十日の菊
1681,秋,残暑,ざんしょ,残る暑さ・秋暑し・秋の暑さ・秋署
1682,秋,椎茸,しいたけ,
1683,秋,椎の実,しいのみ,落椎
1684,秋,紫苑,しおん,紫苑の菊・しをに
1685,秋,鹿,しか,牡鹿・牝鹿・小牡鹿・鹿の声・鹿笛
1686,秋,鹿の角伐,しかのつのきり,角切・春日の角伐・鹿寄せ
1687,秋,子規忌,しきき,糸瓜忌・獺祭忌
1688,秋,鴫,しぎ,田鴫・磯鴫
1689,秋,鹿垣,ししがき,鹿小屋・犬垣・猪垣
1690,秋,紫蘇の実,しそのみ,
1691,秋,樝子の実,しどみのみ,草木瓜の実
1692,秋,芝神明祭,しばしんめいまつり,生姜市・だらだら祭
1693,秋,渋取,しぶとり,柿渋取る・渋搗く・新渋・生渋・一番渋・二番渋
1694,秋,占地,しめじ,湿地・しめぢ茸
1695,秋,秋海棠,しゅうかいどう,断腸花
1696,秋,秋気,しゅうき,
1697,秋,秋耕,しゅうこう,
1698,秋,秋思,しゅうし,秋あはれ・秋さびし・傷秋・秋意
1699,秋,秋雪,しゅうせつ,秋の雪（あきのゆき）、秋の初雪（あきのはつゆき）
1700,秋,終戦記念日,しゅうせんきねんび,終戦日・敗戦日・敗戦忌・八月十五日
1701,秋,秋分の日,しゅうぶんのひ,
1702,秋,秋冷,しゅうれい,
1703,秋,生姜,しょうが,新生姜・葉生姜・薑
1704,秋,生姜市,しょうがいち,だらだらまつり
1705,秋,障子洗う,しょうじあらう,障子貼る・障子の貼替
1706,秋,処暑,しょしょ,
1707,秋,不知火,しらぬい,竜燈
1708,秋,震災記念日,しんさいきねんび,震災忌・防災の日
1709,秋,新酒,しんしゅ,今年酒・早稲酒・新走・利酒・聞酒
1710,秋,新蕎麦,しんそば,走り蕎麦
1711,秋,新松子,しんちぢり,青松毬
1712,秋,新豆腐,しんどうふ,
1713,秋,新米,しんまい,今年米・早稲の飯
1714,秋,新涼,しんりょう,初涼・涼新た・秋涼し・秋涼
1715,秋,新藁,しんわら,今年藁
1716,秋,地芝居,じしばい,地狂言・村芝居
1717,秋,地蔵盆,じぞうぼん,地蔵会・地蔵詣・六地蔵詣・地蔵幡
1718,秋,時代祭,じだいまつり,平安祭
1719,秋,自然薯,じねんじょ,山の芋・山芋
1720,秋,馬鈴薯,じゃがいも,ばれいしょ
1721,秋,十月,じゅうがつ,
1722,秋,熟柿,じゅくし,
1723,秋,数珠玉,じゅずだま,ずずこ
1724,秋,水巴忌,すいはき,白日忌
1725,秋,杉の実,すぎのみ,杉鉄砲
1726,秋,冷まじ,すさまじ,
1727,秋,素十忌,すじゅうき,金風忌
1728,秋,芒,すすき,薄・尾花・花芒・鬼芒・糸芒・十寸穂の芒
1729,秋,鱸,すずき,すずき網
1730,秋,鈴虫,すずむし,月鈴子
1731,秋,硯洗,すずりあらい,机洗
1732,秋,酸橘,すだち,木酢
1733,秋,相撲,すもう,角力・宮相撲・草相撲・秋場所・九月場所
1734,秋,芋茎,ずいき,いもがら
1735,秋,背高泡立草,せいたかあわだちそう,大泡立草・泡立草・秋の麒麟草
1736,秋,施餓鬼,せがき,施餓鬼会・施餓鬼寺・施餓鬼幡・川施餓鬼・船施餓鬼
1737,秋,鶺鴒,せきれい,石たたき・庭たたき・黄鶺鴒・背黒鶺鴒
1738,秋,宗祇忌,そうぎき,
1739,秋,霜降,そうこう,
1740,秋,添水,そうづ,僧都・ばつたんこ・鹿威し
1741,秋,そぞろ寒,そぞろさむ,
1742,秋,藁麦刈,そばかり,刈藁麦・藁麦干す
1743,秋,蕎麦の花,そばのはな,花蕎麦
1744,秋,雑木紅葉,ぞうきもみじ,
1745,秋,体育の日,たいいくのひ,
1746,秋,台風,たいふう,颱風・颱風圏・颱風裡・颱風禍・颱風の眼
1747,秋,高きに登る,たかきにのぼる,登高
1748,秋,鷹渡る,たかわたる,落鷹・鷹柱・はぐれ鷹
1749,秋,茸狩,たけがり,茸狩・茸とり・菌狩・茸篭・茸筵・茸山
1750,秋,竹伐,たけきる,
1751,秋,竹の春,たけのはる,
1752,秋,橘,たちばな,
1753,秋,立待月,たちまちづき,立待・十七夜
1754,秋,龍田姫,たつたひめ,
1755,秋,蓼の花,たでのはな,蓼の穂・穂蓼・大毛蓼
1756,秋,七夕,たなばた,七夕祭・星祭・星合・星迎・星今宵・二星・牽牛・織女・七夕竹・七夕流し・願ひの糸・七夕雨･洗車雨
1757,秋,種採,たねとり,
1758,秋,種茄子,たねなす,種茄子
1759,秋,煙草の花,たばこのはな,花煙草
1760,秋,魂祭,たままつり,
1761,秋,大豆,だいず,新大豆・みそ豆
1762,秋,橙,だいだい,回青燈・かぶす
1763,秋,大文字,だいもんじ,大文字の火・精霊送火・妙法の火・船形の火・鳥居形の火
1764,秋,蛇笏忌,だこつき,山廬忌
1765,秋,茶立虫,ちゃたてむし,あづきあらひ
1766,秋,中元,ちゅうげん,お中元・中元贈答・盆礼・盆見舞
1767,秋,仲秋,ちゅうしゅう,中秋・秋半ば・仲の秋
1768,秋,重陽,ちょうよう,重九・菊の節句・菊の日・今日の菊・菊酒・重陽の宴・菊の宴
1769,秋,月,つき,初月・二日月・三日月・新月・弦月・夕月・宵月・夕月夜・有明月・昼の月・遅月・月白・月夜・月の出・月光・月明り・月影
1770,秋,月見,つきみ,観月・月祭・月の宴・月を待つ・月見酒・月見団子
1771,秋,鶫,つぐみ,
1772,秋,蔦,つた,蔦かづら・蔦紅葉・錦蔦
1773,秋,椿の実,つばきのみ,
1774,秋,燕帰る,つばめかえる,帰燕・去ぬ燕・秋燕・秋燕
1775,秋,露,つゆ,白露・朝露・夜露・露の玉・露けし・露時雨・露葎・芋の露
1776,秋,露草,つゆくさ,月草・蛍草
1777,秋,露寒,つゆさむ,露寒し
1778,秋,蔓梅擬,つるうめもどき,つるもどき
1779,秋,鶴来る,つるきたる,鶴渡る・田鶴渡る
1780,秋,釣瓶落し,つるべおとし,秋の落日
1781,秋,汀女忌,ていじょき,
1782,秋,照葉,てりは,照紅葉
1783,秋,燈火親しむ,とうかしたしむ,燈火親し・燈下親し
1784,秋,冬瓜,とうが,冬瓜（とうがん）・かもうり・冬瓜汁
1785,秋,唐辛子,とうがらし,蕃椒・鷹の爪
1786,秋,玉蜀黍,とうもろこし,もろこし・南蛮黍
1787,秋,灯籠,とうろう,盆灯籠・切子灯籠・絵灯籠・高灯籠・花灯籠
1788,秋,灯籠流し,とうろうながし,流燈・流燈会・精霊流し・精霊舟
1789,秋,十日夜,とおかんや,とおかや
1790,秋,木賊刈る,とくさかる,砥草刈る
1791,秋,年尾忌,としおき,
1792,秋,橡の実,とちのみ,栃の実
1793,秋,鳥威し,とりおどし,威銃
1794,秋,鳥兜,とりかぶと,鳥頭・兜花
1795,秋,とろろ汁,とろろじる,とろろ・いも汁・麦とろ
1796,秋,道元忌,どうげんき,
1797,秋,毒茸,どくたけ,笑い茸・けむり茸・月夜茸
1798,秋,団栗,どんぐり,櫟の実
1799,秋,中稲,なかて,
1800,秋,薯蕷,ながいも,長薯
1801,秋,長月,ながつき,菊月
1802,秋,梨,なし,有の実・水梨・洋梨　ラ・フランス
1803,秋,刀豆,なたまめ,鉈豆
1804,秋,棗の実,なつめのみ,棗
1805,秋,撫子,なでしこ,川原撫子・大和撫子
1806,秋,ななかまど,ななかまど,七竃
1807,秋,鳴子,なるこ,引板・ひきいた・鳴竿・鳴子縄・鳴子綱
1808,秋,南天の実,なんてんのみ,実南天
1809,秋,南蛮煙管,なんばんぎせる,
1810,秋,苦瓜,にがうり,茘枝・蔓茘枝・錦茘枝
1811,秋,濁り酒,にごりざけ,どぶろく・濁酒
1812,秋,錦木,にしきぎ,錦木紅葉
1813,秋,二百十日,にひゃくとおか,厄日・二百二十日
1814,秋,白膠木紅葉,ぬるでもみじ,
1815,秋,根釣,ねづり,岸釣
1816,秋,佞武多,ねぶた,ねぷた・ねぶた祭・跳人
1817,秋,野菊,のぎく,紺菊
1818,秋,後の月,のちのつき,十三夜・名残の月・後の今宵・後の名月・豆名月・栗名月
1819,秋,野分,のわき,野分・野分立つ・野分中・野分後・夕野分・野分雲・野分晴
1820,秋,墓参,はかまいり,墓詣・墓参・展墓・掃苔・墓洗ふ
1821,秋,萩,はぎ,萩の花・白萩・小萩・山萩・野萩・こぼれ萩・乱れ萩・萩原・萩叢
1822,秋,萩刈る,はぎかる,
1823,秋,白露,はくろ,
1824,秋,葉鶏頭,はげいとう,雁来紅・かまつか
1825,秋,稲架,はざ,はさ・稲掛・掛稲・稲架・稲木・稲城・田母木・稲棒・稲干す
1826,秋,蓮の実,はすのみ,蓮の実飛ぶ
1827,秋,鯊,はぜ,沙魚・ふるせ・今年鯊・鯊の秋・鯊の潮・鯊日和
1828,秋,櫨ちぎり,はぜちぎり,櫨採・櫨買
1829,秋,鯊釣,はぜつり,鯊舟
1830,秋,櫨の実,はぜのみ,
1831,秋,櫨紅葉,はぜもみじ,
1832,秋,肌寒,はださむ,肌寒し
1833,秋,八月,はちがつ,
1834,秋,八朔,はっさく,
1835,秋,八朔の祝,はっさくのいわい,田面（たのも）の節（せち）
1836,秋,初秋,はつあき,新秋・孟秋・秋初め・秋口
1837,秋,初嵐,はつあらし,秋の初風
1838,秋,初鴨,はつがも,鴨渡る・鴨来る
1839,秋,初潮,はつしお,葉月潮・望の潮
1840,秋,初茸,はつたけ,
1841,秋,初紅葉,はつもみじ,
1842,秋,葉月,はづき,月見月・萩月
1843,秋,鳩吹,はとふき,鳩吹く・鳩笛
1844,秋,花野,はなの,花野原・花野道
1845,秋,柞,ははそ,柞紅葉・楢・小楢
1846,秋,隼人瓜,はやとうり,
1847,秋,海蠃廻し,ばいまわし,海打ち（ばいうち）・ばい独楽・べいごま
1848,秋,芭蕉,ばしょう,芭蕉葉
1849,秋,螇蚚,ばった,飛蝗・蟿螽・はたはた・きちきち・きちきちばつた・とのさまばった・精霊ばった
1850,秋,晩秋,ばんしゅう,晩秋
1851,秋,稗,ひえ,
1852,秋,蜩,ひぐらし,日暮・茅蜩・かなかな
1853,秋,菱の実,ひしのみ,菱採る・茹菱
1854,秋,鶲,ひたき,尉鶲・火焚鳥
1855,秋,穭,ひつじ,稲孫・穭穂
1856,秋,穭田,ひつじだ,稲孫田
1857,秋,百八燈,ひゃくはちとう,百八たい・南部の火祭・投松明
1858,秋,冷やか,ひややか,冷ゆ・下冷え・朝冷え・夕冷え・雨冷え
1859,秋,瓢の実,ひょんのみ,ひよん
1860,秋,鵯,ひよどり,ひよ
1861,秋,鶸,ひわ,金雀
1862,秋,美男葛,びなんかづら,南五味子・実葛
1863,秋,ピラカンサの実,ぴらかんさのみ,
1864,秋,瓢,ふくべ,ひさご・瓢箪・青瓠・種瓢
1865,秋,更待月,ふけまちづき,更待・二十日月
1866,秋,五倍子,ふし,ごばいし・ふし干す
1867,秋,五倍子,ふし,五倍子（ごばいし）・ふし干す
1868,秋,臥待月,ふしまちづき,臥待・寝待月・寝待
1869,秋,富士の初雪,ふじのはつゆき,
1870,秋,藤の実,ふじのみ,
1871,秋,藤袴,ふじばかま,
1872,秋,文月,ふみづき,文月・七夕月
1873,秋,冬支度,ふゆじたく,冬用意
1874,秋,冬近し,ふゆちかし,冬隣・冬を待つ
1875,秋,冬の磯,ふゆのいそ,
1876,秋,芙蓉,ふよう,花芙蓉・白芙蓉・紅芙蓉・酔芙蓉
1877,秋,普羅忌,ふらき,立秋忌
1878,秋,風炉の名残,ふろのなごり,風炉名残・名残の茶
1879,秋,葡萄,ぶどう,葡萄園・葡萄棚
1880,秋,文化の日,ぶんかのひ,明治節・文化祭
1881,秋,糸瓜,へちま,いとうり・ながうり・糸瓜棚
1882,秋,放屁虫,へひりむし,へつぴりむし・へこきむし・椿象・亀虫
1883,秋,蛇穴に入る,へびあなにいる,秋の蛇・穴まどひ
1884,秋,べつたら市,べったらいち,べつたら漬・浅漬市
1885,秋,弁慶草,べんけいそう,血止草
1886,秋,箒草,ほうきくさ,箒木
1887,秋,法師蟬,ほうしぜみ,つくつく法師・つくつくし・寒蟬
1888,秋,鳳仙花,ほうせんか,つまくれない・つまべに
1889,秋,豊年,ほうねん,出来秋・豊作・豊の秋
1890,秋,鬼灯,ほおずき,酸漿・鬼燈
1891,秋,干柿,ほしがき,吊し柿・串柿・烏柿・甘干・枯露柿・柿干す・柿簾
1892,秋,星月夜,ほしづきよ,星月夜・星明り・秋の星
1893,秋,杜鵑草,ほととぎす,ほととぎす草
1894,秋,木瓜の実,ぼけのみ,
1895,秋,牡丹根分,ぼたんねわけ,牡丹接木・牡丹植う
1896,秋,菩提子,ぼだいし,菩提の実・菩提樹の実
1897,秋,鰡,ぼら,
1898,秋,盆狂言,ぼんきょうげん,盆芝居・秋狂言・盆替り
1899,秋,盆の月,ぼんのつき,
1900,秋,盆休み,ぼんやすみ,盆の薮入り
1901,秋,盆用意,ぼんようい,盆支度
1902,秋,真菰の馬,まこものうま,七夕馬・迎馬
1903,秋,真菰の花,まこものはな,
1904,秋,木天蓼の実,またたびのみ,猿梨
1905,秋,松茸,まつたけ,
1906,秋,松茸飯,まつたけめし,
1907,秋,松手入,まつていれ,
1908,秋,松虫,まつむし,ちんちろ・ちんちろりん
1909,秋,松虫草,まつむしそう,輪鋒菊
1910,秋,待宵,まつよい,小望月
1911,秋,間引菜,まびきな,摘まみ奈・小菜・抜菜・虚抜菜
1912,秋,檀の実,まゆみのみ,
1913,秋,曼珠沙華,まんじゅしゃげ,彼岸花・死人花・天涯花・幽霊花・捨子花
1914,秋,水草紅葉,みずくさもみじ,萍紅葉・菱紅葉
1915,秋,水澄む,みずすむ,
1916,秋,水引の花,みずひきのはな,水引草・金線草
1917,秋,みせばや,みせばや,たまのを
1918,秋,千屈菜,みそはぎ,鼠尾草・聖霊花・溝萩
1919,秋,溝蕎麦,みぞそば,
1920,秋,身に入む,みにしむ,身に沁む
1921,秋,蓑虫,みのむし,鬼の子・蓑虫鳴く
1922,秋,稔り田,みのりだ,
1923,秋,蚯蚓鳴く,みみずなく,
1924,秋,茗荷の花,みょうがのはな,秋茗荷
1925,秋,零余子,むかご,ぬかご・いもご
1926,秋,零余子飯,むかごめし,ぬかご飯
1927,秋,木槿,むくげ,きはちす・花木槿・白木槿・紅木槿・底紅・木槿垣
1928,秋,椋鳥,むくどり,むく・白頭扇
1929,秋,椋の実,むくのみ,
1930,秋,無患子,むくろじ,無患子の実
1931,秋,無月,むげつ,
1932,秋,虫,むし,虫の声・虫の音・虫時雨・虫の秋・昼の虫・残る虫・すがれ虫
1933,秋,虫売,むしうり,虫屋
1934,秋,郁子,むべ,うべ・郁子の実
1935,秋,紫式部,むらさきしきぶ,実紫・小式部・白式部
1936,秋,名月,めいげつ,明月・望月・満月・今日の月・月今宵・三五の月・十五夜・芋名月
1937,秋,めはじき,めはじき,益母草
1938,秋,木犀,もくせい,金木犀・銀木犀・薄黄木犀・桂の花
1939,秋,鵙,もず,百舌鳥・鵙猛る・鵙の贄・鵙の声・鵙日和
1940,秋,籾,もみ,籾干・籾摺・籾筵・籾臼・籾摺歌・籾殻焼く
1941,秋,紅葉,もみじ,紅葉・もみづる・色葉・夕紅葉・村紅葉・谷紅葉・紅葉山・紅葉川
1942,秋,紅葉かつ散る,もみじかつちる,色葉散る・色ながら散る
1943,秋,紅葉狩,もみじがり,紅葉見・観楓・紅葉酒・紅葉茶屋
1944,秋,紅葉鮒,もみじぶな,
1945,秋,桃,もものみ,桃の実・白桃・水密桃
1946,秋,守武忌,もりたけき,
1947,秋,夜学,やがく,夜学生・夜学子・夜学校
1948,秋,夜食,やしょく,
1949,秋,柳散る,やなぎちる,黄柳・秋の柳
1950,秋,八幡放生会,やはたほうじょうえ,石清水祭・男山祭・南祭・放生会
1951,秋,夜半忌,やはんき,底紅忌
1952,秋,薮枯らし,やぶからし,貧乏かづら
1953,秋,藪虱,やぶじらみ,草虱
1954,秋,山梨の実,やまなしのみ,
1955,秋,山葡萄,やまぶどう,野葡萄
1956,秋,やや寒,ややさむ,やや寒し・うそ寒
1957,秋,敗荷,やれはす,破れ蓮
1958,秋,破れ芭蕉,やればしょう,
1959,秋,夕顔の実,ゆうがおのみ,
1960,秋,行く秋,ゆくあき,去る秋・秋の別れ・秋の名残・秋の行方・秋去る・秋過ぐ
1961,秋,柚子,ゆず,柚子の実
1962,秋,柚味噌,ゆみそ,柚子味噌・柚子釜
1963,秋,宵闇,よいやみ,
1964,秋,夜寒,よさむ,宵寒・夜寒し
1965,秋,吉田火祭,よしだひまつり,吉田浅間祭・芒祭・火伏祭
1966,秋,夜長,よなが,長き夜・夜長し
1967,秋,夜なべ,よなべ,夜仕事・夜業
1968,秋,落花生,らっかせい,南京豆・ピーナツ
1969,秋,立秋,りっしゅう,秋立つ・秋来る・秋に入る・今朝の秋・今日の秋
1970,秋,流星,りゅうせい,流れ星・走り星・夜這星・星流る・星飛ぶ
1971,秋,良夜,りょうや,良宵・佳宵
1972,秋,林火忌,りんかき,
1973,秋,林檎,りんご,紅玉・国光・林檎園
1974,秋,竜胆,りんどう,笹竜胆・深山竜胆・蔓竜胆
1975,秋,檸檬,れもん,レモン
1976,秋,六斎念仏,ろくさいねんぶつ,六斎・六斎踊・六斎太鼓
1977,秋,六道参,ろくどうまいり,精霊迎・迎鐘
1978,秋,若煙草,わかたばこ,新煙草・懸煙草・煙草刈る・煙草干す
1979,秋,早稲,わせ,早稲の香・早稲田・早稲刈る
1980,秋,棉,わた,棉の実・棉実る・棉吹く・桃吹く
1981,秋,綿取,わたとり,綿摘・綿取る・綿干す
1982,秋,渡り鳥,わたりどり,鳥渡る・小鳥来る・鳥雲
1983,秋,藁塚,わらづか,にほ
1984,秋,吾亦紅,われもこう,吾木香
1985,冬,アイスホッケー,あいすほっけー,
1986,冬,青木の実,あおきのみ,
1987,冬,皸,あかぎれ,あかがり
1988,冬,網代,あじろ,網代木・網代床・網代守
1989,冬,熱燗,あつかん,燗酒
1990,冬,厚司,あつし,
1991,冬,神在祭,あみありまつり,神在・神集ひ
1992,冬,霰,あられ,玉霰・夕霰・初霰
1993,冬,亜浪忌,あろうき,
1994,冬,アロエの花,あろえのはな,
1995,冬,行火,あんか,
1996,冬,鮟鱇,あんこう,
1997,冬,鮟鱇鍋,あんこうなべ,
1998,冬,藺植う,いうう,
1999,冬,息白し,いきしろし,白息
2000,冬,池普請,いけぶしん,川普請
2001,冬,魦,いさぎ,いさぎ舟・いさぎ漁
2002,冬,鼬,いたち,
2003,冬,鼬罠,いたちわな,
2004,冬,一月,いちがつ,
2005,冬,銀杏落葉,いちょうおちば,
2006,冬,一葉忌,いちようき,
2007,冬,一茶忌,いっさき,
2008,冬,一碧楼忌,いっぺきろうき,
2009,冬,凍滝,いてたき,冬滝・滝氷る
2010,冬,凍土,いてつち,凍上・大地凍つ
2011,冬,亥の子,いのこ,玄猪・亥の子餅
2012,冬,囲炉裏,いろり,炉・炉火・炉明り・炉話
2013,冬,兎,うさぎ,兎汁
2014,冬,兎狩,うさぎがり,兎罠・兎網
2015,冬,潤目鰯,うるめいわし,うるめ
2016,冬,恵比寿講,えびすこう,夷講・蛭子市・夷切
2017,冬,襟巻,えりまき,首巻・マフラー
2018,冬,狼,おおかみ,
2019,冬,御火焚,おおたき,御火焼
2020,冬,大晦日,おおみそか,大年・大つごもり・大三十日
2021,冬,奥三河花祭,おくみかわはなまつり,花祭・花神楽・榊鬼
2022,冬,おくんち,おくんち,竜踊・くんち・おくにち
2023,冬,鴛鴦,おしどり,をし
2024,冬,落葉,おちば,落葉・落葉焚・落葉掻・落葉篭・落葉期
2025,冬,乙字忌,おつじき,寒雷忌　二十日忌
2026,冬,おでん,おでん,関東煮（かんとうだき）
2027,冬,御取越,おとりこし,引上会
2028,冬,鬼柚子,おにゆず,
2029,冬,帯解,おびとき,紐解
2030,冬,御神渡,おみわたり,御渡り
2031,冬,御命講,おめいこう,御会式・日蓮忌・万燈・御命講花
2032,冬,温室,おんしつ,フレーム・温床・ビニールハウス
2033,冬,開戦日,かいせんび,十二月八日
2034,冬,鳰,かいつぶり,にほ・にほどり
2035,冬,懐炉,かいろ,温石
2036,冬,帰り花,かえりばな,返り花・忘れ花・狂ひ花・狂ひ咲き
2037,冬,顔見世,かおみせ,顔見勢
2038,冬,牡蠣,かき,真牡蠣・酢牡蠣・牡蠣飯
2039,冬,柿落葉,かきおちば,
2040,冬,牡蛎船,かきぶね,牡蛎料理・牡蛎鍋
2041,冬,牡蠣剥く,かきむく,牡蠣割る・牡蠣割女
2042,冬,杜父魚,かくぶつ,杜夫魚・霰魚・杜父魚・あられがこ
2043,冬,角巻,かくまき,
2044,冬,神楽,かぐら,御神楽・神楽歌・夜神楽・神遊び・庭燎
2045,冬,重ね着,かさねぎ,厚着
2046,冬,風花,かざはな,かぜはな・かざばな
2047,冬,風除,かざよけ,風垣・風囲
2048,冬,飾売,かざりうり,
2049,冬,火事,かじ,大火・小火・類焼・半焼・近火・遠火事・火事見舞
2050,冬,悴む,かじかむ,
2051,冬,春日万燈篭,かすがまんとうろう,春日の万燈
2052,冬,粕汁,かすじる,酒の粕
2053,冬,春日若宮おん祭,かずがわかみやおんまつり,
2054,冬,風邪,かぜ,感冒・流行風邪・流感・風邪声・鼻風邪・風邪心地・風邪薬・風邪の神
2055,冬,数え日,かぞえび,数へ日
2056,冬,門松立つ,かどまつたつ,松飾る
2057,冬,蕪,かぶら,蕪・かぶらな・すずな・赤蕪
2058,冬,蕪汁,かぶらじる,
2059,冬,鎌鼬,かまいたち,鎌風
2060,冬,竃猫,かまどねこ,へつつひ猫・かじけ猫・
2061,冬,髪置,かみおき,
2062,冬,神送り,かみおくり,
2063,冬,紙子,かみこ,紙衣
2064,冬,紙漉,かみすき,紙漉場・紙漉女・楮蒸す
2065,冬,神の旅,かみのたび,神の旅立
2066,冬,神の留守,かみのるす,留守の宮・留守詣
2067,冬,神迎,かみむかえ,
2068,冬,鴨,かも,真鴨・子鴨・鴨の声・鴨の陣
2069,冬,空風,からかぜ,空つ風・北颪・北下し
2070,冬,神等去出の神事,からさでのしんじ,神羅佐手・からさで祭
2071,冬,乾鮭,からざけ,干鮭
2072,冬,狩,かり,猟解禁・狩猟・猟犬・猪狩・鹿狩・狩人・猟夫・狩の宿
2073,冬,枯蘆,かれあし,枯芦・枯葦・枯蘆原
2074,冬,枯木,かれき,裸木・枯枝・枯木立・枯木道・枯木山・枯木宿・枯木星
2075,冬,枯菊,かれぎく,菊枯る・菊焚く
2076,冬,枯草,かれくさ,草枯る
2077,冬,枯桑,かれくわ,桑枯る
2078,冬,枯芝,かれしば,
2079,冬,枯芒,かれすすき,枯薄・冬芒・枯尾花
2080,冬,枯園,かれその,枯庭・冬の園・冬の庭
2081,冬,枯蔓,かれづる,枯かづら
2082,冬,枯蟷螂,かれとうろう,蟷螂枯る
2083,冬,枯野,かれの,大枯野・朽野・枯野道・枯野人・枯野宿・枯原
2084,冬,枯葉,かれは,
2085,冬,枯萩,かれはぎ,萩枯る
2086,冬,枯蓮,かれはす,枯蓮・蓮枯る・蓮の骨
2087,冬,枯芭蕉,かればしょう,芭蕉枯る
2088,冬,枯芙蓉,かれふよう,芙蓉の実
2089,冬,枯葎,かれむぐら,
2090,冬,枯柳,かれやなぎ,冬柳
2091,冬,カレンダー,かれんだー,
2092,冬,革衣,かわごろも,革ジャンパー・革ジャン・裘（かわごろも）
2093,冬,河郎忌,かわろうき,
2094,冬,寒,かん,寒中・寒の内・寒九・寒四郎
2095,冬,寒葵,かんあおい,
2096,冬,寒猿,かんえん,寒の猿・冬の猿・かじけ猿
2097,冬,寒鴉,かんがらす,寒鴉・冬鴉
2098,冬,寒灸,かんきゅう,寒やいと
2099,冬,寒菊,かんぎく,冬菊・霜菊・しまかんぎく
2100,冬,寒稽古,かんげいこ,寒中稽古・寒復習
2101,冬,寒鯉,かんごい,凍鯉・寒鯉釣
2102,冬,寒声,かんごえ,
2103,冬,寒肥,かんごえ,寒肥・寒ごやし
2104,冬,寒垢離,かんごり,寒行
2105,冬,寒晒,かんざらし,寒曝
2106,冬,寒蜆,かんしじみ,冬蜆
2107,冬,甘蔗刈,かんしょかり,甘蔗刈
2108,冬,樏,かんじき,アイゼン
2109,冬,寒雀,かんすずめ,冬雀・凍雀・ふくら雀
2110,冬,寒施行,かんせぎょう,野施行・穴施行
2111,冬,寒卵,かんたまご,
2112,冬,寒中水泳,かんちゅうすいえい,寒泳
2113,冬,寒潮,かんちょう,冬の潮・冬潮
2114,冬,寒椿,かんつばき,冬椿
2115,冬,寒造,かんづくり,
2116,冬,寒釣,かんづり,穴釣
2117,冬,寒天製す,かんてんせいす,寒天造る
2118,冬,神無月,かんなづき,かみなづき・神去月・神有月・時雨月・初霜月
2119,冬,寒念仏,かんねんぶつ,
2120,冬,寒の入,かんのいり,寒に入る
2121,冬,寒の水,かんのみず,寒水
2122,冬,寒晴,かんばれ,寒日和
2123,冬,寒波,かんぱ,寒波来る
2124,冬,寒弾,かんびき,
2125,冬,寒鮒,かんぶな,寒鮒釣
2126,冬,寒紅,かんべに,
2127,冬,寒木瓜,かんぼけ,
2128,冬,寒牡丹,かんぼたん,冬牡丹
2129,冬,寒参,かんまいり,寒詣・裸参
2130,冬,寒見舞,かんみまい,寒中見舞・雪見舞
2131,冬,寒餅,かんもち,
2132,冬,寒林,かんりん,寒木
2133,冬,外套,がいとう,オーバー・コート
2134,冬,賀状書く,がじょうかく,
2135,冬,雁木,がんぎ,
2136,冬,北風,きたかぜ,北風・冬の風・朔風・寒風・北吹く
2137,冬,北窓塞ぐ,きたまどふさぐ,北塞ぐ
2138,冬,狐,きつね,きつ
2139,冬,狐火,きつねび,鬼火・狐の提灯
2140,冬,狐罠,きつねわな,
2141,冬,着ぶくれ,きぶくれ,
2142,冬,切干,きりぼし,
2143,冬,勤労感謝の日,きんろうかんしゃのひ,
2144,冬,義士会,ぎしかい,義士会（ぎしえ）・義士討入の日
2145,冬,空也忌,くうやき,空也念仏
2146,冬,茎漬,くきづけ,菜漬
2147,冬,嚔,くさめ,くしやみ・はなひる
2148,冬,鯨,くじら,勇魚
2149,冬,鯨汁,くじらじる,鯨鍋
2150,冬,薬喰,くすりぐい,紅葉鍋
2151,冬,葛晒す,くずさらす,葛晒し
2152,冬,葛湯,くずゆ,
2153,冬,口切,くちきり,
2154,冬,熊,くま,羆・熊の子・熊穴に入る
2155,冬,熊突,くまつき,穴熊狩
2156,冬,熊祭,くままつり,熊送り・贄の熊・イオマンテ・カムイヨマンテ
2157,冬,クリオネ,くりおね,はだかかめがい
2158,冬,クリスマス,くりすます,降誕祭・聖誕節・聖夜・聖歌・クリスマスツリー・聖樹・クリスマスケーキ・サンタクロース・聖夜劇・クリスマスイブ
2159,冬,けあらし,けあらし,気嵐
2160,冬,毛糸編む,けいとあむ,毛糸・毛糸玉
2161,冬,毛皮,けがわ,毛皮売・毛皮店
2162,冬,毛衣,けごろも,裘・皮衣
2163,冬,厳寒,げんかん,極寒・酷寒・厳冬
2164,冬,降誕祭,こうたんさい,
2165,冬,氷,こおり,厚氷・氷面鏡・氷点下・結氷
2166,冬,凍る,こおる,氷る・凍つ・冱つ・凍む・冰る
2167,冬,木枯,こがらし,凩
2168,冬,炬燵,こたつ,切炬燵・置炬燵・掘炬燵
2169,冬,木の葉,このは,木の葉雨・木の葉散る
2170,冬,木の葉髪,このはがみ,
2171,冬,海鼠腸,このわた,このわた
2172,冬,小春,こはる,小春日・小春日和・小六月
2173,冬,氷下魚,こまい,氷下魚釣・氷下魚汁
2174,冬,暦売,こよみうり,
2175,冬,蒟蒻掘る,こんにゃくほる,蒟蒻干す
2176,冬,御用納,ごようおさめ,仕事納
2177,冬,笹鳴,ささなき,笹子鳴く
2178,冬,山茶花,さざんか,姫椿
2179,冬,札幌雪祭,さっぽろゆきまつり,雪祭・氷像・雪像
2180,冬,里神楽,さとかぐら,宮神楽・夜神楽・湯立神楽・遠山祭
2181,冬,寒し,さむし,寒さ・寒気・寒冷
2182,冬,鮫,さめ,鱶
2183,冬,冴ゆ,さゆ,
2184,冬,三寒四温,さんかんしおん,三寒・四温・四温日和
2185,冬,三平汁,さんぺいじる,
2186,冬,朱欒,ざぼん,うちむらさき・文旦・ぼんたん
2187,冬,塩鮭,しおざけ,新巻
2188,冬,敷松葉,しきまつば,
2189,冬,時雨,しぐれ,時雨るる・朝時雨・夕時雨・小夜時雨・村時雨・片時雨
2190,冬,柳葉魚,ししゃも,
2191,冬,歯朶刈,しだかり,
2192,冬,七五三,しちごさん,七五三の祝・七五三祝・千歳飴
2193,冬,凍豆腐,しみどうふ,氷豆腐・寒豆腐・高野豆腐・凍豆腐造る
2194,冬,注連飾る,しめかざる,
2195,冬,注連作,しめつくり,
2196,冬,霜,しも,霜の花・大霜・深霜・強霜・朝霜・夜霜・霜晴・霜凪・霜雫・霜解・霜の声
2197,冬,霜枯,しもがれ,
2198,冬,霜月,しもつき,霜降月
2199,冬,霜柱,しもばしら,
2200,冬,霜焼,しもやけ,凍傷・霜腫
2201,冬,霜夜,しもよ,
2202,冬,霜除,しもよけ,
2203,冬,社会鍋,しゃかいなべ,慈善鍋
2204,冬,小寒,しょうかん,
2205,冬,正月事始,しょうがつことはじめ,事始
2206,冬,障子,しょうじ,冬障子・腰障子・明り障子
2207,冬,ショール,しょーる,肩掛
2208,冬,師走,しわす,極月・臘月・春待月
2209,冬,神農祭,しんのうさい,神農の虎
2210,冬,新海苔,しんのり,寒海苔
2211,冬,ジャケツ,じゃけつ,
2212,冬,十一月,じゅういちがつ,
2213,冬,絨緞,じゅうたん,緞通・カーペット
2214,冬,十二月,じゅうにがつ,
2215,冬,十夜,じゅうや,十夜法要・お十夜・十夜粥・十夜婆
2216,冬,樹氷,じゅひょう,木華・霧の花・樹氷林
2217,冬,除夜,じょや,除夕・年の夜
2218,冬,除夜の鐘,じょやのかね,
2219,冬,除夜詣,じょやもうで,年越詣・節分詣・年越参
2220,冬,水仙,すいせん,水仙花・雪中花
2221,冬,すが漏り,すがもり,
2222,冬,隙間風,すきまかぜ,
2223,冬,鋤焼,すきやき,牛鍋・馬肉鋤・桜鍋
2224,冬,スキー,すきー,スキー場・スキーヤー・ゲレンデ・シャンツェ
2225,冬,酢茎,すぐき,
2226,冬,スケート,すけーと,氷滑り・スケート場
2227,冬,煤払,すすはらい,煤掃・煤竹・煤篭・煤湯
2228,冬,ストーブ,すとーぶ,暖炉・ペチカ
2229,冬,炭,すみ,炭火・埋火・消炭・炭斗・炭篭・炭売・炭屋・炭俵
2230,冬,炭焼,すみやき,炭焼小屋・炭焼竃・炭竃
2231,冬,頭巾,ずきん,
2232,冬,青邨忌,せいそんき,
2233,冬,青畝忌,せいほき,万両忌
2234,冬,咳,せき,咳く・咳く
2235,冬,石炭,せきたん,
2236,冬,節分,せつぶん,大原雑魚寝
2237,冬,背蒲団,せなぶとん,肩蒲団・腰蒲団・負真綿
2238,冬,千両,せんりょう,仙蓼・実千両
2239,冬,セーター,せーたー,カーディガン
2240,冬,草城忌,そうじょうき,
2241,冬,漱石忌,そうせきき,
2242,冬,早梅,そうばい,梅早し
2243,冬,蘇鉄の実,そてつのみ,
2244,冬,蕎麦掻,そばがき,蕎麦湯
2245,冬,橇,そり,馬橇・犬橇・手橇・雪車
2246,冬,雑炊,ぞうすい,おじや
2247,冬,鯛焼,たいやき,今川焼
2248,冬,鷹,たか,大鷹・小鷹・さしば・隼
2249,冬,鷹狩,たかがり,鷹匠・鷹野
2250,冬,焚火,たきび,
2251,冬,沢庵,たくあん,沢庵漬・沢庵漬製す・大根漬く
2252,冬,竹馬,たけうま,
2253,冬,畳替,たたみがえ,
2254,冬,竹瓮,たっぺ,
2255,冬,炭団,たどん,豆炭
2256,冬,狸,たぬき,たのき・むじな
2257,冬,狸汁,たぬきじる,
2258,冬,狸罠,たぬきわな,
2259,冬,足袋,たび,白足袋・色足袋
2260,冬,玉子酒,たまござけ,卵酒
2261,冬,鱈,たら,雪魚・真鱈・助宗鱈・鱈場・鱈船・子持鱈・鱈汁
2262,冬,短日,たんじつ,日短・日短し・暮早し・暮易し
2263,冬,探梅,たんばい,梅探る・探梅行
2264,冬,大寒,だいかん,寒土用
2265,冬,大根焚,だいこたき,鳴滝の大根焚
2266,冬,大根の葉,だいこのは,
2267,冬,大根,だいこん,だいこ・おほね・すずしろ・大根畑
2268,冬,大根洗ふ,だいこんあらう,
2269,冬,大根引,だいこんひき,大根引
2270,冬,大根干す,だいこんほす,懸大根・干大根
2271,冬,大師講,だいしこう,
2272,冬,ダイヤモンドダスト,だいやもんどだすと,細氷
2273,冬,達磨忌,だるまき,初祖忌・少林忌
2274,冬,暖房,だんぼう,スチーム・ヒーター・暖房車
2275,冬,近松忌,ちかまつき,巣林子忌
2276,冬,秩父夜祭,ちちぶよまつり,
2277,冬,千鳥,ちどり,鵆・磯千鳥・浜千鳥・川千鳥・夕千鳥・小夜千鳥・群千鳥・友千鳥・遠千鳥・鳴く千鳥
2278,冬,茶の花,ちゃのはな,
2279,冬,ちやんちやんこ,ちやんちやんこ,袖無
2280,冬,追儺,ついな,鬼やらひ・なやらひ
2281,冬,石蕗の花,つはのはな,つ吾の花・石蕗の花・石蕗
2282,冬,冷たし,つめたし,底冷え
2283,冬,氷柱,つらら,垂氷・草氷柱
2284,冬,鶴,つる,凍鶴・冬の鶴
2285,冬,貞徳忌,ていとくき,
2286,冬,手袋,てぶくろ,皮手袋・マフ
2287,冬,天皇誕生日,てんのうたんじょうび,
2288,冬,電気毛布,でんきもうふ,
2289,冬,冬耕,とうこう,
2290,冬,冬至,とうじ,冬至粥・冬至南瓜
2291,冬,冬眠,とうみん,
2292,冬,年惜しむ,としおしむ,
2293,冬,年木樵,としきこり,節木樵・年木積む・年木売
2294,冬,年越,としこし,年を越す
2295,冬,年篭,としごもり,年籠
2296,冬,年の市,としのいち,
2297,冬,年の内,としのうち,年内
2298,冬,年の暮,としのくれ,歳暮・歳晩・歳末・年末・年歩む・年の瀬・年の果・年暮るる
2299,冬,年守る,としまもる,
2300,冬,年用意,としようい,春支度
2301,冬,年忘,としわすれ,忘年会
2302,冬,寅彦忌,とらひこき,
2303,冬,酉の市,とりのいち,お酉さま・酉の町・一の酉・二の酉・三の酉・おかめ市・熊手
2304,冬,泥鰌掘る,どじょうほる,
2305,冬,褞袍,どてら,丹前
2306,冬,納豆汁,なっとじる,
2307,冬,名の木枯る,なのきかる,蔦枯る・銀杏枯る・葡萄枯る・欅枯る・冬欅
2308,冬,名の草枯る,なのくさかる,名草枯る
2309,冬,鍋焼,なべやき,鍋焼饂飩
2310,冬,海鼠,なまこ,酢海鼠
2311,冬,波の花,なみのはな,浪の華・潮花
2312,冬,煮凝,にこごり,煮凍
2313,冬,日記買う,にっきかう,古日記
2314,冬,日記果つ,にっきはつ,
2315,冬,人参,にんじん,胡蘿蔔
2316,冬,葱,ねぎ,葱・一文字・根深・葉葱・葱畑
2317,冬,根深汁,ねぶかじる,葱汁
2318,冬,ねんねこ,ねんねこ,ねんねこばんてん
2319,冬,年末賞与,ねんまつしょうよ,年末手当・ボーナス
2320,冬,のっぺい汁,のっぺいじる,のつぺ　濃餅汁
2321,冬,袴着,はかまぎ,
2322,冬,掃納,はきおさめ,
2323,冬,波郷忌,はきょうき,
2324,冬,白菜,はくさい,
2325,冬,白鳥,はくちょう,スワン・鵠・大白鳥・黒鳥
2326,冬,羽子板市,はごいたいち,
2327,冬,蓮根掘る,はすねほる,蓮掘
2328,冬,鰰,はたはた,雷魚・かみなりうを
2329,冬,鉢叩,はちたたき,
2330,冬,初氷,はつごおり,
2331,冬,初時雨,はつしぐれ,
2332,冬,初霜,はつしも,
2333,冬,初冬,はつふゆ,初冬・冬初め・冬浅し
2334,冬,初雪,はつゆき,新雪
2335,冬,葉牡丹,はぼたん,
2336,冬,針供養,はりくよう,針休み・針納め
2337,冬,春近し,はるちかし,春隣・春信
2338,冬,春待つ,はるまつ,春を待つ・待春
2339,冬,阪神大震災忌,はんしんだいしんさいき,
2340,冬,芭蕉忌,ばしょうき,時雨忌・桃青忌・翁忌
2341,冬,日脚伸ぶ,ひあしのぶ,
2342,冬,避寒,ひかん,避寒宿
2343,冬,久女忌,ひさじょき,
2344,冬,膝掛,ひざかけ,
2345,冬,日向ぼこ,ひなたぼこ,日向ぼつこ・日向ぼこり
2346,冬,火の番,ひのばん,夜番・夜廻・夜警・寒柝
2347,冬,火鉢,ひばち,火桶・手焙・手炉
2348,冬,柊挿す,ひひらぎさす,焼嗅し
2349,冬,柊の花,ひひらぎのはな,花柊
2350,冬,胼,ひび,胼薬
2351,冬,氷海,ひょうかい,海氷る・凍港・氷原・氷江
2352,冬,氷湖,ひょうこ,湖氷る・冬の湖・冬の沼
2353,冬,鰭酒,ひれざけ,身酒
2354,冬,枇杷の花,びはのはな,花枇杷
2355,冬,屏風,びょうぶ,枕屏風
2356,冬,鞴祭,ふいごまつり,踏鞴祭・ほど祭・鍛冶祭
2357,冬,梟,ふくろう,ふくろ
2358,冬,河豚,ふぐ,ふぐと・ふく
2359,冬,河豚汁,ふぐじる,ふぐと汁・ふぐ鍋・ちり鍋
2360,冬,柴漬,ふしづけ,
2361,冬,衾,ふすま,紙衾
2362,冬,襖,ふすま,唐紙
2363,冬,札納,ふだおさめ,納札
2364,冬,懐手,ふところで,
2365,冬,蒲団,ふとん,干蒲団
2366,冬,吹雪,ふぶき,地吹雪・雪煙・雪浪
2367,冬,冬,ふゆ,三冬・九冬・玄冬・冬帝・冬将軍
2368,冬,冬暖か,ふゆあたたか,暖冬・冬ぬくし
2369,冬,冬安居,ふゆあんご,雪安居
2370,冬,冬苺,ふゆいちご,寒苺
2371,冬,冬鷗,ふゆかもめ,鷗・鴎
2372,冬,冬霞,ふゆがすみ,冬の霞・寒霞
2373,冬,冬構,ふゆがまえ,冬囲
2374,冬,冬枯,ふゆがれ,枯る
2375,冬,冬木,ふゆき,冬木立・冬木影・冬木道・冬木宿
2376,冬,冬草,ふゆくさ,冬の草・冬青草
2377,冬,冬籠,ふゆごもり,雪篭・冬篭
2378,冬,冬桜,ふゆざくら,寒桜・緋寒桜・寒緋桜
2379,冬,冬座敷,ふゆざしき,
2380,冬,冬ざれ,ふゆざれ,冬ざるる
2381,冬,冬菫,ふゆすみれ,寒菫
2382,冬,冬薔薇,ふゆそうび,冬薔薇・寒薔薇
2383,冬,冬田,ふゆた,冬の田・冬田道
2384,冬,冬尽く,ふゆつく,冬終る・冬の名残・冬去る
2385,冬,冬菜,ふゆな,冬菜畑・冬菜売
2386,冬,冬凪,ふゆなぎ,寒凪
2387,冬,冬虹,ふゆにじ,
2388,冬,冬野,ふゆの,冬の野・冬の原・雪野・雪原
2389,冬,冬の朝,ふゆのあさ,冬曙・寒暁
2390,冬,冬の虻,ふゆのあぶ,
2391,冬,冬の雨,ふゆのあめ,寒の雨
2392,冬,冬の鴬,ふゆのうぐいす,寒鴬・鴬の子・笹子・薮鴬
2393,冬,冬の海,ふゆのうみ,冬海・冬の浜
2394,冬,冬の梅,ふゆのうめ,冬梅・寒梅・寒紅梅・冬至梅
2395,冬,冬の雁,ふゆのかり,寒雁
2396,冬,冬の川,ふゆのかわ,冬川・冬川原
2397,冬,冬の霧,ふゆのきり,冬霧
2398,冬,冬の雲,ふゆのくも,冬雲・凍雲・寒雲
2399,冬,冬の暮,ふゆのくれ,冬の夕・寒暮
2400,冬,冬の空,ふゆのそら,冬天・寒天・寒空・冬空
2401,冬,冬の蝶,ふゆのちょう,冬蝶・凍蝶
2402,冬,冬の月,ふゆのつき,寒月・冬三日月・月冴ゆ・月氷る
2403,冬,冬の鳥,ふゆのとり,寒禽
2404,冬,冬の波,ふゆのなみ,冬浪・冬涛・寒涛・冬怒濤
2405,冬,冬の虹,ふゆのにじ,
2406,冬,冬の蠅,ふゆのはえ,冬蝿
2407,冬,冬の蜂,ふゆのはち,冬蜂・凍蜂
2408,冬,冬の日,ふゆのひ,冬日・冬日向・冬日影
2409,冬,冬の燈,ふゆのひ,冬の灯・冬燈・冬灯・冬ともし・寒燈・寒灯
2410,冬,冬の星,ふゆのほし,寒星・荒星・凍星・冬銀河・星冴ゆ・オリオン・寒昴・シリウス・天狼
2411,冬,冬の水,ふゆのみず,冬の泉・寒泉
2412,冬,冬の虫,ふゆのむし,
2413,冬,冬の鵙,ふゆのもず,
2414,冬,冬の靄,ふゆのもや,冬靄・寒靄
2415,冬,冬の山,ふゆのやま,冬山・枯山・雪山・冬嶺・雪嶺・冬山路・冬山家
2416,冬,冬の夕焼,ふゆのゆうやけ,寒夕焼・冬茜・寒茜・寒落暉
2417,冬,冬の夜,ふゆのよ,夜半の冬・寒夜
2418,冬,冬の雷,ふゆのらい,寒雷
2419,冬,冬花火,ふゆはなび,
2420,冬,冬晴,ふゆばれ,冬日和・冬麗・冬うらら
2421,冬,冬旱,ふゆひでり,寒旱
2422,冬,冬雲雀,ふゆひばり,
2423,冬,冬深し,ふゆふかし,冬深む・暮の冬・真冬
2424,冬,冬服,ふゆふく,冬着・冬シャツ・皮羽織
2425,冬,冬帽子,ふゆぼうし,冬帽
2426,冬,冬めく,ふゆめく,
2427,冬,冬萌,ふゆもえ,冬木の芽・冬芽
2428,冬,冬紅葉,ふゆもみじ,
2429,冬,冬館,ふゆやかた,冬の家・冬の宿
2430,冬,冬休み,ふゆやすみ,
2431,冬,古暦,ふるごよみ,暦の果・暦の終り
2432,冬,風呂吹,ふろふき,風呂吹大根
2433,冬,蕪村忌,ぶそんき,春星忌・夜半亭忌
2434,冬,仏手柑,ぶっしゅかん,ぶしゅ柑
2435,冬,鰤,ぶり,寒鰤
2436,冬,鰤網,ぶりあみ,鰤場
2437,冬,鰤起し,ぶりおこし,
2438,冬,碧梧桐忌,へきごとうき,寒明忌
2439,冬,報恩講,ほうおんこう,御正忌・御七夜・御講・御霜月・親鸞忌
2440,冬,魴鮄,ほうぼう,
2441,冬,捕鯨,ほげい,捕鯨船
2442,冬,干菜汁,ほしなじる,
2443,冬,干菜吊る,ほしなつる,干菜・懸菜・吊菜・干葉
2444,冬,榾,ほだ,ほた・榾火・榾明り
2445,冬,朴落葉,ほほおちば,朴散る
2446,冬,頬被,ほほかむり,ほほかぶり
2447,冬,防雪林,ぼうせつりん,
2448,冬,ボジョレー・ヌーヴォー,ぼじょれーぬーぼー,
2449,冬,牡丹焚火,ぼたんたきび,牡丹焚く・牡丹供養
2450,冬,牡丹鍋,ぼたんなべ,猪鍋・山鯨・猪肉
2451,冬,ボロ市,ぼろいち,世田谷襤褸市
2452,冬,ポインセチア,ぽいんせちあ,猩々木・クリスマスフラワー
2453,冬,鮪,まぐろ,鮪船・鮪釣
2454,冬,マスク,ますく,
2455,冬,松葉蟹,まつばがに,ずわい蟹・越前蟹
2456,冬,豆撒,まめまき,豆打・年の豆・鬼打豆・鬼は外・福は内・年男
2457,冬,マント,まんと,二重廻し・トンビ・インバネス
2458,冬,万両,まんりょう,実万両
2459,冬,蜜柑,みかん,蜜柑山・蜜柑狩
2460,冬,三島忌,みしまき,憂国忌
2461,冬,水涸る,みずかる,川涸る・沼涸る・滝涸る
2462,冬,水鳥,みずどり,浮寝鳥
2463,冬,水洟,みずばな,鼻水
2464,冬,瑞穂,みずほ,穂田
2465,冬,水餅,みずもち,
2466,冬,晦日蕎麦,みそかそば,年越蕎麦・つごもり蕎麦
2467,冬,鷦鷯,みそさざい,三十三才
2468,冬,味噌搗,みそつき,味噌作る
2469,冬,霙,みぞれ,霙るる
2470,冬,木菟,みみづく,づく
2471,冬,耳袋,みみぶくろ,耳掛
2472,冬,都鳥,みやこどり,ゆりかもめ
2473,冬,麦の芽,むぎのめ,芽麦
2474,冬,麦蒔,むぎまき,
2475,冬,むささび,むささび,むささび
2476,冬,霧氷,むひょう,樹霜・粗氷・霧氷林
2477,冬,室咲,むろざき,室の花
2478,冬,和布刈神事,めかりのしんじ,和布刈禰宜・和布刈桶
2479,冬,目貼,めばり,隙間貼る
2480,冬,毛布,もうふ,ケット
2481,冬,虎落笛,もがりぶえ,
2482,冬,餅,もち,
2483,冬,餅搗,もちつき,餅米洗ふ・餅搗唄・賃餅・餅筵・餅配
2484,冬,紅葉散る,もみじちる,散紅葉
2485,冬,股引,ももひき,
2486,冬,焼藷,やきいも,焼芋・石焼芋
2487,冬,厄払,やくはらい,厄落・厄の薪・ふぐり落し
2488,冬,ヤッケ,やっけ,アノラック
2489,冬,八手の花,やつでのはな,花八手
2490,冬,藪柑子,やぶこうじ,薮柑子
2491,冬,藪巻,やぶまき,竹巻・菰巻
2492,冬,山眠る,やまねむる,眠る山
2493,冬,闇汁,やみじる,
2494,冬,雪,ゆき,六花・雪の華・小雪・大雪・深雪・粉雪・綿雪・細雪・小米雪・根雪・飛雪・雪明り・雪の声・朝の雪・夜の雪・暮雪・雪の宿・雪国・雪空
2495,冬,雪遊び,ゆきあそび,雪投げ・雪礫・雪丸げ・雪合戦
2496,冬,雪起し,ゆきおこし,雪雷・雪の雷
2497,冬,雪折,ゆきおれ,
2498,冬,雪下し,ゆきおろし,雪卸
2499,冬,雪掻,ゆきかき,除雪・除雪車・ラッセル車
2500,冬,雪囲,ゆきがこい,雪垣・雪構・雪除・墓囲
2501,冬,雪合羽,ゆきがっぱ,雪蓑
2502,冬,雪沓,ゆきぐつ,藁沓・爪篭
2503,冬,雪しまき,ゆきしまき,しまき
2504,冬,雪女郎,ゆきじょろう,雪女・雪坊主
2505,冬,雪達磨,ゆきだるま,雪兎・雪釣
2506,冬,雪吊,ゆきつり,
2507,冬,雪晴,ゆきばれ,深雪晴
2508,冬,雪踏,ゆきふみ,踏俵
2509,冬,雪見,ゆきみ,雪見舟・雪見酒
2510,冬,雪眼,ゆきめ,
2511,冬,雪眼鏡,ゆきめがね,ゴーグル
2512,冬,雪催,ゆきもよい,雪雲・雪げ・雪曇
2513,冬,雪焼,ゆきやけ,雪眼
2514,冬,行く年,ゆくとし,年逝く・年流る・年送る
2515,冬,湯気立て,ゆげたて,
2516,冬,湯ざめ,ゆざめ,
2517,冬,柚子湯,ゆずゆ,柚子風呂・冬至湯
2518,冬,湯婆,ゆたんぽ,たんぽ
2519,冬,湯豆腐,ゆどうふ,
2520,冬,夜着,よぎ,掻巻・小夜着
2521,冬,寄鍋,よせなべ,
2522,冬,夜鷹蕎麦,よたかそば,夜鳴蕎麦・夜鳴うどん・夜鳴ラーメン
2523,冬,ラグビー,らぐびー,ラガー
2524,冬,嵐雪忌,らんせつき,
2525,冬,立冬,りっとう,冬立つ・冬に入る・冬来る・今朝の冬
2526,冬,竜の玉,りゅうのたま,竜の髯の実・蛇の髯の実・龍の玉
2527,冬,ルミナリエ,るみなりえ,
2528,冬,冷海,れいかい,
2529,冬,レノン忌,れのんき,レノンの忌
2530,冬,煉炭,れんたん,
2531,冬,臘八会,ろうはつえ,臘八・成道会・臘八接心・臘八摂心
2532,冬,臘梅,ろうばい,唐梅
2533,冬,炉開,ろびらき,
2534,冬,鷲,わし,
2535,冬,綿入,わたいれ,布子・綿子
2536,冬,綿虫,わたむし,大綿・雪蛍・雪婆・白粉婆
2537,冬,侘助,わびすけ,侘助・唐椿
2538,冬,藁仕事,わらしごと,縄綯ふ・筵織る
2539,新年,小豆粥,あづきがゆ,十五日粥・望の粥
2540,新年,伊勢海老,いせえび,鎌倉海老
2541,新年,五日,いつか,
2542,新年,寝積む,いねつむ,稲積む・寝挙る
2543,新年,鷽替,うそかえ,鬼燻・鬼すべ
2544,新年,謡初,うたいぞめ,初謡
2545,新年,歌会始,うたかいはじめ,歌御会始
2546,新年,馬騎初,うまのりぞめ,騎馬始・馬場始・初騎
2547,新年,恵方詣,えほうまいり,恵方・吉方・明きの方・恵方道
2548,新年,会陽,えよう,西大寺参・神木・裸押し・修正会
2549,新年,えんぶり,えんぶり,えぶり・ながえんぶり・御前えんぶり
2550,新年,大服,おおぶく,大福・福茶・大福茶
2551,新年,御行,おぎょう,御形・五形
2552,新年,白朮詣,おけらまいり,白朮祭・白朮火・白朮縄・火縄売・祇園削掛の神事
2553,新年,御降り,おさがり,富正月
2554,新年,鬼打木,おにうちぎ,鬼木
2555,新年,女正月,おんなしょがつ,女正月
2556,新年,買初,かいぞめ,初買
2557,新年,傀儡師,かいらいし,傀儡・夷廻し・木傀廻し
2558,新年,鏡開,かがみびらき,鏡割
2559,新年,鏡餅,かがみもち,御鏡・飾餅・具足餅・鎧餅
2560,新年,書初,かきぞめ,筆始・試筆・吉書
2561,新年,飾,かざり,お飾・輪飾
2562,新年,飾臼,かざりうす,臼飾る
2563,新年,飾海老,かざりえび,海老飾る
2564,新年,飾納,かざりおさめ,飾取る・注連取る
2565,新年,飾米,かざりこめ,米飾る
2566,新年,数の子,かずのこ,かどのこ
2567,新年,門松,かどまつ,松飾・飾松・竹飾・飾竹
2568,新年,かまくら,かまくら,
2569,新年,粥杖,かゆづえ,粥の木・祝棒・粥柱
2570,新年,歌留多,かるた,骨牌・歌がるた・花がるた・いろは歌留多・歌留多会
2571,新年,賀状,がじょう,年賀状・年始状
2572,新年,元日,がんじつ,お元日・日の始め・鶏日
2573,新年,元朝,がんちょう,元旦・大旦・鶏旦・歳旦
2574,新年,着衣始,きそはじめ,
2575,新年,切山椒,きりざんしょう,
2576,新年,御慶,ぎょけい,
2577,新年,喰積,くいつみ,重詰・重詰料理・組重・お節料理
2578,新年,国栖奏,くずそう,国栖舞・国栖笛・国栖歌・国栖人・国栖翁
2579,新年,蔵開,くらびらき,御蔵開
2580,新年,鍬始,くわはじめ,鋤始・一鍬・鍬入れ・初田打
2581,新年,稽古始,けいこはじめ,初稽古
2582,新年,講書始,こうしょはじめ,
2583,新年,小正月,こしょうがつ,十五日正月・花正月・望正月
2584,新年,去年,こぞ,去年・古年・旧年・初昔・宵の年
2585,新年,去年今年,こぞことし,
2586,新年,今年,ことし,今年・当年・若き年
2587,新年,独楽,こま,独楽廻し・独楽遊び・独楽打つ
2588,新年,小松引,こまつひき,初子の日・子の日の遊び
2589,新年,御用始,ごようはじめ,
2590,新年,幸木,さいわいぎ,幸木
2591,新年,左義長,さぎちょう,三毬杖・どんど・とんど・どんど焚く・飾焚く・注連焚く・吉書揚
2592,新年,猿廻し,さるまわし,猿曳・猿使ひ
2593,新年,三が日,さんがにち,
2594,新年,仕事始,しごとはじめ,事務始・初仕事
2595,新年,獅子舞,ししまい,太神楽・竃祓ひ・獅子頭
2596,新年,歯朶,しだ,裏白・山草
2597,新年,七福神詣,しちふくじんまいり,七福詣・福神詣・福神巡り・福詣
2598,新年,四方拝,しほうはい,
2599,新年,注連飾,しめかざり,注連縄・七五三縄・年縄・牛蒡注連
2600,新年,注連貰,しめもらい,
2601,新年,淑気,しゅくき,
2602,新年,正月,しょうがつ,お正月・祝月・元月
2603,新年,正月の凧,しょうがつのたこ,凧揚・紙鳶
2604,新年,新年,しんねん,年新た・新玉・年始・年立つ・年明く・年改まる・年来る・年迎ふ
2605,新年,新年会,しんねんかい,新年宴会
2606,新年,十六むさし,じゅうろくむさし,
2607,新年,上元の日,じょうげんのひ,上元・上元会・上元祭・元宵節
2608,新年,人日,じんじつ,人の日・霊辰・人勝節・元七
2609,新年,双六,すごろく,盤双六・絵双六
2610,新年,成人の日,せいじんのひ,
2611,新年,雑煮,ぞうに,雑煮祝ふ・雑煮餅・雑煮椀
2612,新年,田遊び,たあそび,
2613,新年,宝船,たからぶね,宝船敷く
2614,新年,田作,たづくり,ごまめ・小殿原
2615,新年,玉せせり,たませせり,玉せり・玉取祭・玉競祭
2616,新年,橙飾る,だいだいかざる,
2617,新年,ちやつきらこ,ちやつきらこ,左義長・後祭
2618,新年,朝賀,ちょうが,朝賀・参賀・拝賀
2619,新年,帳綴,ちょうとじ,帳書・帳始・帳祝
2620,新年,草石蚕,ちよろぎ,ちょうろぎ・ちょうろく
2621,新年,綱引,つなひき,綱曳
2622,新年,手毬,てまり,手鞠・手毬つく・手毬唄・手毬子
2623,新年,出初,でぞめ,出初式・消防出初式
2624,新年,投扇興,とうせんきょう,投扇
2625,新年,十日戎,とおかえびす,初戎・初恵比須・宵戎・戎祭・戎笹・福笹・残り福
2626,新年,野老飾る,ところかざる,
2627,新年,年男,としおとこ,若男・節男
2628,新年,年木,としぎ,若木・節木・祝木
2629,新年,年玉,としだま,お年玉
2630,新年,歳徳神,としとくじん,年神・若年様・正月様
2631,新年,屠蘇,とそ,屠蘇祝ふ・屠蘇酒・屠蘇袋
2632,新年,鳥総松,とぶさまつ,
2633,新年,鳥追,とりおい,
2634,新年,泣初,なきぞめ,初泣
2635,新年,薺,なづな,薺摘
2636,新年,薺打,なづなうつ,七種打つ・七種はやす
2637,新年,七種,ななくさ,七草
2638,新年,七種粥,ななくさがゆ,七日粥・薺粥
2639,新年,七草爪,ななくさづめ,薺爪・七日爪
2640,新年,七日,なぬか,七日
2641,新年,七日正月,なぬかしょうがつ,
2642,新年,なまはげ,なまはげ,なもみ剥ぎ・あまみはぎ
2643,新年,成木責,なりきぜめ,木責・果樹責・木を囃す
2644,新年,新野の雪祭,にいののゆきまつり,雪祭・田楽祭
2645,新年,繞道祭,にょうどうさい,
2646,新年,縫初,ぬひぞめ,縫始・初針・針起し
2647,新年,寝正月,ねしょうがつ,
2648,新年,子日草,ねのひぐさ,姫小松・茶筅松・子の日の松
2649,新年,年賀,ねんが,年始・年礼・廻礼・年始廻り・賀詞
2650,新年,年酒,ねんしゅ,年酒・年始酒
2651,新年,能始,のうはじめ,初能
2652,新年,乗初,のりぞめ,初乗・初電車・初車・船乗初・初飛行
2653,新年,歯固,はがため,
2654,新年,掃初,はきぞめ,初帚・初掃除
2655,新年,箱根駅伝,はこねえきでん,
2656,新年,羽子板,はごいた,胡鬼板・はご
2657,新年,機始,はたはじめ,織初・初機
2658,新年,初茜,はつあかね,
2659,新年,初明り,はつあかり,初夜明
2660,新年,初商,はつあきない,商始・売初
2661,新年,初浅間,はつあさま,
2662,新年,初伊勢,はついせ,初参宮
2663,新年,初市,はついち,市始・初市場・初立会・初相場・初糶
2664,新年,初卯,はつう,初卯詣・卯の札・卯杖・卯槌
2665,新年,初鴬,はつうぐいす,
2666,新年,初閻魔,はつえんま,閻魔詣
2667,新年,初鏡,はつかがみ,初化粧
2668,新年,初篝,はつかがり,
2669,新年,初神楽,はつかぐら,神楽始
2670,新年,二十日正月,はつかしょうがつ,団子正月・二十日団子・骨正月・頭正月
2671,新年,初風,はつかぜ,春の初風・初松籟
2672,新年,初竃,はつかまど,焚初
2673,新年,初観音,はつかんのん,
2674,新年,初霞,はつがすみ,新霞
2675,新年,初釜,はつがま,初茶湯・初点前
2676,新年,初髪,はつがみ,初結・結ひ初・梳初
2677,新年,初鴉,はつがらす,
2678,新年,初句会,はつくかい,新年句会
2679,新年,初景色,はつげしき,
2680,新年,初声,はつこえ,
2681,新年,初金毘羅,はつこんぴら,初金刀比羅・初十日
2682,新年,初東風,はつごち,節東風
2683,新年,初暦,はつごよみ,新暦
2684,新年,初勤行,はつごんぎょう,初鐘・初読経・初燈明・初燈
2685,新年,初東雲,はつしののめ,初曙
2686,新年,初芝居,はつしばい,初春狂言・春芝居・初曽我・二の替
2687,新年,初写真,はつしゃしん,初写し
2688,新年,初雀,はつすずめ,
2689,新年,初硯,はつすずり,
2690,新年,初刷,はつずり,刷初・初新聞
2691,新年,初染,はつぞめ,染始
2692,新年,初空,はつぞら,初御空
2693,新年,初旅,はつたび,旅始・旅行始
2694,新年,初大師,はつだいし,初弘法
2695,新年,初便り,はつだより,初郵便
2696,新年,初筑波,はつつくば,
2697,新年,初鼓,はつつづみ,鼓始
2698,新年,初手水,はつてうづ,
2699,新年,初天神,はつてんじん,宵天神・残り天神・天神花・天神旗
2700,新年,初電話,はつでんわ,
2701,新年,初寅,はつとら,
2702,新年,初鶏,はつどり,
2703,新年,初凪,はつなぎ,
2704,新年,初荷,はつに,初荷舟・初荷馬・飾馬
2705,新年,初日記,はつにっき,日記始
2706,新年,初音売,はつねうり,初音笛
2707,新年,初鳩,はつはと,
2708,新年,初春,はつはる,新春・明の春・今朝の春・千代の春
2709,新年,初場所,はつばしょ,一月場所・正月場所
2710,新年,初晴,はつばれ,
2711,新年,初日,はつひ,初陽・初旭・初日の出・初日影
2712,新年,初比叡,はつひえい,
2713,新年,初富士,はつふじ,
2714,新年,初不動,はつふどう,
2715,新年,初弁天,はつべんてん,初巳
2716,新年,初弥撒,はつみさ,初ミサ
2717,新年,初詣,はつもうで,初参・初社・初御籤
2718,新年,初薬師,はつやくし,
2719,新年,初湯,はつゆ,初風呂・湯殿始
2720,新年,初夢,はつゆめ,貘枕・初寝覚
2721,新年,初漁,はつりょう,漁始・初網
2722,新年,花びら餅,はなびらもち,菱葩餅、菱はなびら
2723,新年,羽子つき,はねつき,羽子・追羽子・揚羽子・遣羽子
2724,新年,破魔弓,はまゆみ,破魔矢
2725,新年,春着,はるぎ,正月小袖・春襲
2726,新年,春駒,はるこま,春駒舞・春駒万歳
2727,新年,弾初,ひきぞめ,初弾・琴始
2728,新年,ひめ始,ひめはじめ,姫始・密事始（ひめはじめ）
2729,新年,吹初,ふきぞめ,籟初・吹始
2730,新年,福寿草,ふくじゅそう,元日草
2731,新年,福達磨,ふくだるま,達磨市
2732,新年,福引,ふくびき,宝引
2733,新年,福袋,ふくぶくろ,
2734,新年,福沸,ふくわかし,福鍋
2735,新年,福藁,ふくわら,福藁敷く・ふくさ藁
2736,新年,福笑ひ,ふくわらい,
2737,新年,二日,ふつか,
2738,新年,太箸,ふとばし,祝箸・柳箸・箸紙・雑煮箸
2739,新年,蓬莱,ほうらい,掛蓬莱・蓬莱飾
2740,新年,宝恵篭,ほえかご,宝恵駕・戎篭
2741,新年,仏の座,ほとけのざ,田平子
2742,新年,穂俵飾る,ほんだはらかざる,
2743,新年,ぼんでん,ぼんでん,梵天
2744,新年,ぽっぺん,ぽっぺん,ぽこんぽこん
2745,新年,舞初,まいぞめ,仕舞始
2746,新年,松納,まつおさめ,松取る・門松取る
2747,新年,松過ぎ,まつすぎ,松明け・注連明
2748,新年,松の内,まつのうち,松七日・注連の内
2749,新年,俎始,まないたはじめ,包丁始
2750,新年,鞠始,まりはじめ,蹴鞠始
2751,新年,万歳,まんざい,三河万歳・大和万歳
2752,新年,三日,みっか,
2753,新年,睦月,むつき,むつみ月・むつび月
2754,新年,土竜打,もぐらうち,土竜追・海鼠曳
2755,新年,餅花,もちばな,繭玉・稲穂・団子花
2756,新年,薮入,やぶいり,里下り・宿下り
2757,新年,山始,やまはじめ,初山・初山入り・山入り・斧始・手斧始・若山踏み・木伐り初
2758,新年,楪,ゆづりは,弓弦葉・親子草
2759,新年,弓始,ゆみはじめ,初弓・的始・弓矢始・射初
2760,新年,四日,よっか,
2761,新年,読初,よみぞめ,読書始
2762,新年,嫁が君,よめがきみ,
2763,新年,礼受,れいうけ,礼者受・名刺受
2764,新年,礼者,れいじゃ,門礼・門礼者・賀客・年賀客・女礼者
2765,新年,若菜,わかな,若菜摘・粥草・七草粥
2766,新年,若菜野,わかなの,
2767,新年,若水,わかみず,初水・福水・若井・井華水・若潮・若潮迎へ
2768,新年,笑初,わらいぞめ,初笑
2769,新年,藁盒子,わらごうし,幸篭・ヤス
